# d16713ef-182b-4447-ab5c-5f8ca1577526,,,,,,
# e9a19b38e509a0346497c558d966096436d47c65,,,,,,
# s_m, x_m, y_m, psi_rad, kappa_radpm, vx_mps, ax_mps2
0,-0.7009734,0.3136164,-3.1220523,0.0000384,5,0
0.1999379,-0.697066,0.1137167,-3.1220445,0.0000396,5,0
0.3998758,-0.6931571,-0.086183,-3.1220364,0.0000407,5,0
0.5998137,-0.6892465,-0.2860827,-3.1220282,0.0000419,5,0
0.7997516,-0.6853342,-0.4859823,-3.1220197,0.000043,5,0
0.9996895,-0.6814202,-0.6858819,-3.122011,0.0000442,5,0
1.1996274,-0.6775044,-0.8857814,-3.122002,0.0000453,5,0
1.3995653,-0.6735869,-1.0856809,-3.1219929,0.0000465,5,0
1.5995032,-0.6696674,-1.2855804,-3.1219834,0.0000476,5,0
1.7994411,-0.6657461,-1.4854799,-3.1219738,0.0000488,5,0
1.999379,-0.6618228,-1.6853793,-3.1219639,0.0000499,5,0
2.1993169,-0.6578975,-1.8852786,-3.1219538,0.0000511,5,0
2.3992548,-0.6539702,-2.085178,-3.1219435,0.0000522,5,0
2.5991927,-0.6500408,-2.2850773,-3.121933,0.0000534,5,0
2.7991306,-0.6461093,-2.4849765,-3.1219222,0.0000545,5,0
2.9990685,-0.6421756,-2.6848757,-3.1219111,0.0000557,5,0
3.1990065,-0.6382396,-2.8847749,-3.1218999,0.0000568,5,0
3.3989444,-0.6343014,-3.084674,-3.1218884,0.000058,5,0
3.5988823,-0.6303608,-3.284573,-3.1218767,0.0000591,5,0
3.7988202,-0.6264179,-3.4844721,-3.1218648,0.0000603,5,0
3.9987581,-0.6224726,-3.684371,-3.1218526,0.0000615,5,0
4.198696,-0.6185249,-3.88427,-3.1218402,0.0000626,5,0
4.3986339,-0.6145746,-4.0841688,-3.1218276,0.0000638,5,0
4.5985718,-0.6106218,-4.2840677,-3.1218147,0.0000649,5,0
4.7985097,-0.6066664,-4.4839664,-3.1218016,0.0000661,5,0
4.9984476,-0.6027083,-4.6838652,-3.1217883,0.0000672,5,0
5.1983855,-0.5987476,-4.8837638,-3.1217747,0.0000684,5,0
5.3983234,-0.5947841,-5.0836624,-3.1217609,0.0000695,5,0
5.5982613,-0.5908179,-5.283561,-3.1217469,0.0000707,5,0
5.7981992,-0.5868488,-5.4834595,-3.1217327,0.0000718,5,0
5.9981371,-0.5828768,-5.683358,-3.1217182,0.000073,5,0
6.198075,-0.578902,-5.8832563,-3.1217035,0.0000741,5,0
6.3980129,-0.5749242,-6.0831547,-3.1216886,0.0000753,5,0
6.5979508,-0.5709433,-6.2830529,-3.1216734,0.0000764,5,0
6.7978887,-0.5669595,-6.4829512,-3.121658,0.0000776,5,0
6.9978266,-0.5629725,-6.6828493,-3.1216424,0.0000787,5,0
7.1977645,-0.5589823,-6.8827474,-3.1216265,0.0000799,5,0
7.3977024,-0.554989,-7.0826454,-3.1216104,0.000081,5,0
7.5976403,-0.5509924,-7.2825434,-3.1215941,0.0000822,5,0
7.7975782,-0.5469926,-7.4824412,-3.1215776,0.0000833,5,0
7.9975161,-0.5429894,-7.6823391,-3.1215608,0.0000845,5,0
8.197454,-0.5389829,-7.8822368,-3.1215438,0.0000856,5,0
8.3973919,-0.5349729,-8.0821345,-3.1215266,0.0000868,5,0
8.5973298,-0.5309594,-8.2820321,-3.1215091,0.0000879,5,0
8.7972677,-0.5269425,-8.4819297,-3.1214914,0.0000891,5,0
8.9972056,-0.522922,-8.6818272,-3.1214735,0.0000902,5,0
9.1971435,-0.5188978,-8.8817246,-3.1214553,0.0000914,5,0
9.3970815,-0.5148701,-9.0816219,-3.1214369,0.0000925,5,0
9.5970194,-0.5108386,-9.2815191,-3.1214183,0.0000937,5,0
9.7969573,-0.5068034,-9.4814163,-3.1213995,0.0000949,5,0
9.9968952,-0.5027639,-9.6813134,-3.1213733,0.0001672,5,0
10.1968331,-0.4987158,-9.8812103,-3.1213045,0.0005203,5,0
10.396771,-0.4946466,-10.0811068,-3.1211596,0.0009288,5,0
10.5967089,-0.49054,-10.2810025,-3.1209285,0.0013834,5,0
10.7966468,-0.486378,-10.4808971,-3.1206053,0.0018496,5,0
10.9965847,-0.4821421,-10.6807901,-3.1201896,0.0023084,5,0
11.1965226,-0.477814,-10.8806812,-3.1196828,0.0027618,5,0
11.3964605,-0.4733755,-11.0805698,-3.1190853,0.0032144,5,0
11.5963984,-0.4688086,-11.2804556,-3.1183974,0.003667,5,0
11.7963363,-0.4640951,-11.4803379,-3.117619,0.0041195,5,0
11.9962742,-0.459217,-11.6802163,-3.1167501,0.0045721,5,0
12.1962121,-0.4541562,-11.8800901,-3.1157907,0.0050247,5,0
12.39615,-0.4488945,-12.0799588,-3.1147409,0.0054772,5,0
12.5960879,-0.443414,-12.2798215,-3.1136005,0.0059298,5,0
12.7960258,-0.4376966,-12.4796776,-3.1123697,0.0063824,5,0
12.9959637,-0.4317241,-12.6795263,-3.1110483,0.006835,5,0
13.1959016,-0.4254785,-12.8793666,-3.1096365,0.0072876,5,0
13.3958395,-0.4189418,-13.0791976,-3.1081342,0.0077402,5,0
13.5957774,-0.4120958,-13.2790183,-3.1065414,0.0081928,5,0
13.7957153,-0.4049225,-13.4788274,-3.1048581,0.0086455,5,0
13.9956532,-0.3974038,-13.6786239,-3.1030843,0.0090982,5,0
14.1955911,-0.3895217,-13.8784063,-3.1012199,0.0095509,5,0
14.395529,-0.3812581,-14.0781734,-3.0992651,0.0100037,5,0
14.5954669,-0.372595,-14.2779235,-3.0972197,0.0104564,5,0
14.7954048,-0.3635143,-14.477655,-3.0950838,0.0109093,5,0
14.9953427,-0.3539979,-14.6773663,-3.0928574,0.0113622,5,0
15.1952806,-0.3440279,-14.8770554,-3.0905404,0.0118151,5,0
15.3952185,-0.3335862,-15.0767204,-3.0881328,0.0122681,5,0
15.5951565,-0.3226548,-15.2763592,-3.0856346,0.0127212,5,0
15.7950944,-0.3112156,-15.4759695,-3.0830459,0.0131743,5,0
15.9950323,-0.2992507,-15.675549,-3.0803665,0.0136276,5,0
16.1949702,-0.2867421,-15.8750952,-3.0775966,0.0140809,5,0
16.3949081,-0.2736717,-16.0746054,-3.0747359,0.0145344,5,0
16.594846,-0.2600216,-16.2740767,-3.0717846,0.014988,5,0
16.7947839,-0.2457738,-16.4735062,-3.0687426,0.0154417,5,0
16.9947218,-0.2309104,-16.6728908,-3.0656098,0.0158955,5,0
17.1946597,-0.2154134,-16.8722271,-3.0623863,0.0163496,5,0
17.3945976,-0.1992648,-17.0715117,-3.059072,0.0168038,5,0
17.5945355,-0.1824468,-17.270741,-3.0556669,0.0172582,5,0
17.7944734,-0.1649415,-17.469911,-3.0521709,0.0177127,5,0
17.9944113,-0.1467309,-17.6690177,-3.048584,0.0181676,5,0
18.1943492,-0.1277972,-17.868057,-3.0449061,0.0186226,5,0
18.3942871,-0.1081225,-18.0670244,-3.0411372,0.0190779,5,0
18.594225,-0.0876891,-18.2659153,-3.0372773,0.0195335,5,0
18.7941629,-0.066479,-18.4647249,-3.0333262,0.0199894,5,0
18.9941008,-0.0444746,-18.6634481,-3.029284,0.0204456,5,0
19.1940387,-0.0216579,-18.8620797,-3.0251505,0.0209021,5,0
19.3939766,0.0019886,-19.0606142,-3.0209257,0.021359,5,0
19.5939145,0.0264827,-19.2590459,-3.0166095,0.0218163,5,0
19.7938524,0.0518422,-19.4573688,-3.0122019,0.0222741,5,0
19.9937903,0.0780846,-19.6555769,-3.0077026,0.0227322,5,0
20.1937282,0.1052276,-19.8536636,-3.0031118,0.0231908,5,0
20.3936661,0.1332888,-20.0516224,-2.9984291,0.02365,5,0
20.593604,0.1622857,-20.2494462,-2.9936547,0.0241096,5,0
20.7935419,0.1922359,-20.4471279,-2.9887883,0.0245698,5,0
20.9934798,0.2231568,-20.6446602,-2.9838298,0.0250306,5,0
21.1934177,0.2550659,-20.8420352,-2.9787791,0.0254921,5,0
21.3933556,0.2879806,-21.039245,-2.9736361,0.0259542,5,0
21.5932935,0.3219181,-21.2362813,-2.9684006,0.0264169,5,0
21.7932315,0.3568959,-21.4331356,-2.9630725,0.0268805,5,0
21.9931694,0.3929312,-21.6297991,-2.9576517,0.0273448,5,0
22.1931073,0.4300411,-21.8262626,-2.952138,0.0278099,5,0
22.3930452,0.4682429,-22.0225168,-2.9465311,0.0282759,5,0
22.5929831,0.5075535,-22.2185518,-2.940831,0.0287428,5,0
22.792921,0.5479901,-22.4143577,-2.9350375,0.0292106,5,0
22.9928589,0.5895695,-22.609924,-2.9291504,0.0296794,5,0
23.1927968,0.6323086,-22.8052402,-2.9231694,0.0301493,5,0
23.3927347,0.6762244,-23.0002952,-2.9170943,0.0306203,5,0
23.5926726,0.7213335,-23.1950777,-2.910925,0.0310924,5,0
23.7926105,0.7676526,-23.3895759,-2.9046611,0.0315657,5,0
23.9925484,0.8151983,-23.583778,-2.8983025,0.0320403,5,0
24.1924863,0.863987,-23.7776715,-2.8918489,0.0325162,5,0
24.3924242,0.9140353,-23.9712437,-2.8853,0.0329935,5,0
24.5923621,0.9653594,-24.1644815,-2.8786555,0.0334722,5,0
24.7923,1.0179756,-24.3573715,-2.8719152,0.0339524,5,0
24.9922379,1.0718999,-24.5498999,-2.8650786,0.0344342,5,0
25.1921758,1.1271485,-24.7420524,-2.8581456,0.0349176,5,0
25.3921137,1.1837372,-24.9338146,-2.8511158,0.0354027,5,0
25.5920516,1.2416818,-25.1251713,-2.8439888,0.0358896,5,0
25.7919895,1.300998,-25.3161074,-2.8367643,0.0363783,5,0
25.9919274,1.3617015,-25.506607,-2.8294419,0.036869,5,0
26.1918653,1.4238075,-25.6966539,-2.8220212,0.0373616,5,0
26.3918032,1.4873314,-25.8862315,-2.8145018,0.0378564,5,0
26.5917411,1.5522884,-26.0753229,-2.8068832,0.0383533,5,0
26.791679,1.6186935,-26.2639107,-2.7991651,0.0388525,5,0
26.9916169,1.6865615,-26.4519768,-2.7913469,0.039354,5,0
27.1915548,1.7559072,-26.6395032,-2.7834282,0.0398579,5,0
27.3914927,1.8267451,-26.826471,-2.7754085,0.0403644,5,0
27.5914306,1.8990896,-27.0128609,-2.7672873,0.0408735,5,0
27.7913685,1.9729549,-27.1986535,-2.759064,0.0413854,5,0
27.9913065,2.0483549,-27.3838284,-2.7507381,0.0419001,5,0
28.1912444,2.1253036,-27.5683652,-2.742309,0.0424177,5,0
28.3911823,2.2038146,-27.7522428,-2.7337761,0.0429384,5,0
28.5911202,2.2839012,-27.9354395,-2.7251387,0.0434622,5,0
28.7910581,2.3655767,-28.1179334,-2.7163964,0.0439893,5,0
28.990996,2.4488541,-28.2997019,-2.7075482,0.0445199,5,0
29.1909339,2.5337461,-28.4807219,-2.6985937,0.0450539,5,0
29.3908718,2.6202653,-28.6609699,-2.689532,0.0455916,5,0
29.5908097,2.708424,-28.8404216,-2.6803625,0.0461332,5,0
29.7907476,2.7982341,-29.0190526,-2.6710842,0.0466786,5,0
29.9906855,2.8897073,-29.1968376,-2.6616965,0.0472281,5,0
30.1906234,2.9828553,-29.373751,-2.6521986,0.0477818,5,0
30.3905613,3.0776891,-29.5497663,-2.6425894,0.0483399,5,0
30.5904992,3.1742197,-29.7248569,-2.6328683,0.0489025,5,0
30.7904371,3.2724575,-29.8989952,-2.6230342,0.0494698,5,0
30.990375,3.3724127,-30.0721536,-2.6130905,0.0499986,5,0
31.1903129,3.4740926,-30.2443047,-2.6030619,0.05032,5,0
31.3902508,3.5774979,-30.4154251,-2.592994,0.0503909,5,0
31.5901887,3.6826216,-30.5854952,-2.5829182,0.0503994,5,0
31.7901266,3.7894537,-30.7544974,-2.5728401,0.0504131,5,0
31.9900645,3.8979838,-30.9224141,-2.5627589,0.0504319,5,0
32.1900024,4.0082015,-31.089228,-2.5526733,0.0504558,5,0
32.3899403,4.1200964,-31.2549216,-2.5425825,0.0504848,5,0
32.5898782,4.2336581,-31.4194773,-2.5324853,0.050519,5,0
32.7898161,4.3488761,-31.5828775,-2.5223808,0.0505584,5,0
32.989754,4.4657399,-31.7451047,-2.5122679,0.0506029,5,0
33.1896919,4.5842391,-31.9061413,-2.5021456,0.0506526,5,0
33.3896298,4.7043631,-32.0659695,-2.4920128,0.0507075,5,0
33.5895677,4.8261012,-32.2245717,-2.4818685,0.0507676,5,0
33.7895056,4.9494429,-32.38193,-2.4717117,0.0508329,5,0
33.9894435,5.0743776,-32.5380266,-2.4615413,0.0509035,5,0
34.1893814,5.2008945,-32.6928436,-2.4513563,0.0509794,5,0
34.3893194,5.3289827,-32.8463631,-2.4411555,0.0510605,5,0
34.5892573,5.4586316,-32.9985669,-2.430938,0.051147,5,0
34.7891952,5.5898301,-33.1494369,-2.4207027,0.0512389,5,0
34.9891331,5.7225673,-33.2989549,-2.4104485,0.0513361,5,0
35.189071,5.8568322,-33.4471027,-2.4001743,0.0514387,5,0
35.3890089,5.9926136,-33.5938618,-2.3898791,0.0515467,5,0
35.5889468,6.1299003,-33.7392137,-2.3795617,0.0516603,5,0
35.7888847,6.2686809,-33.8831398,-2.369221,0.0517793,5,0
35.9888226,6.4089441,-34.0256216,-2.358856,0.0519039,5,0
36.1887605,6.5506784,-34.16664,-2.3484655,0.0520341,5,0
36.3886984,6.6938721,-34.3061763,-2.3380484,0.0521699,5,0
36.5886363,6.8385134,-34.4442114,-2.3276036,0.0523114,5,0
36.7885742,6.9845906,-34.5807261,-2.31713,0.0524588,5,0
36.9885121,7.1320915,-34.7157012,-2.306626,0.0526143,5,0
37.18845,7.2810041,-34.8491172,-2.2960904,0.0527759,5,0
37.3883879,7.4313162,-34.9809545,-2.2855219,0.0529426,5,0
37.5883258,7.5830154,-35.1111933,-2.2749195,0.0531151,5,0
37.7882637,7.7360891,-35.2398138,-2.2642838,0.0532763,5,0
37.9882016,7.8905238,-35.3667969,-2.2536218,0.0533772,5,0
38.1881395,8.0463039,-35.4921259,-2.2429636,0.0532387,5,0
38.3880774,8.2034084,-35.6157906,-2.2323507,0.052925,5,0
38.5880153,8.3618127,-35.7377861,-2.2218025,0.0525903,5,0
38.7879532,8.5214909,-35.8581092,-2.2113207,0.0522614,5,0
38.9878911,8.6824177,-35.9767574,-2.2009041,0.0519382,5,0
39.187829,8.8445678,-36.093728,-2.1905515,0.0516206,5,0
39.3877669,9.0079166,-36.2090189,-2.1802619,0.0513084,5,0
39.5877048,9.1724395,-36.322628,-2.1700341,0.0510017,5,0
39.7876427,9.3381124,-36.4345536,-2.1598675,0.0506968,5,0
39.9875806,9.5049111,-36.5447942,-2.1497632,0.0503788,5,0
40.1875185,9.6728118,-36.6533493,-2.1397224,0.0500607,5,0
40.3874564,9.8417906,-36.7602183,-2.1297448,0.0497477,5,0
40.5873944,10.011824,-36.8654014,-2.1198292,0.0494395,5,0
40.7873323,10.1828888,-36.9688986,-2.1099748,0.0491364,5,0
40.9872702,10.3549622,-37.0707103,-2.1001814,0.0488287,5,0
41.1872081,10.5280211,-37.1708375,-2.0904541,0.0484751,5,0
41.387146,10.702042,-37.2692834,-2.0808068,0.0480283,5,0
41.5870839,10.8770001,-37.3660538,-2.0712507,0.0475631,5,0
41.7870218,11.0528706,-37.461156,-2.0617872,0.0471021,5,0
41.9869597,11.2296289,-37.5545978,-2.0524154,0.0466454,5,0
42.1868976,11.407251,-37.6463871,-2.0431346,0.0461928,5,0
42.3868355,11.5857133,-37.736532,-2.0339438,0.0457441,5,0
42.5867734,11.7649926,-37.8250409,-2.0248424,0.0452992,5,0
42.7867113,11.9450661,-37.9119225,-2.0158295,0.0448581,5,0
42.9866492,12.1259117,-37.9971855,-2.0069044,0.0444206,5,0
43.1865871,12.3075074,-38.0808391,-1.9980665,0.0439866,5,0
43.386525,12.4898317,-38.1628923,-1.989315,0.043556,5,0
43.5864629,12.6728637,-38.2433548,-1.9806493,0.0431287,5,0
43.7864008,12.8565828,-38.3222359,-1.9720687,0.0427046,5,0
43.9863387,13.0409686,-38.3995455,-1.9635726,0.0422836,5,0
44.1862766,13.2260015,-38.4752936,-1.9551603,0.0418656,5,0
44.3862145,13.4116619,-38.5494902,-1.9468314,0.0414506,5,0
44.5861524,13.5979309,-38.6221456,-1.9385851,0.0410385,5,0
44.7860903,13.7847898,-38.6932702,-1.9304209,0.0406291,5,0
44.9860282,13.9722203,-38.7628746,-1.9223383,0.0402223,5,0
45.1859661,14.1602044,-38.8309694,-1.9143368,0.0398182,5,0
45.385904,14.3487248,-38.8975655,-1.9064158,0.0394167,5,0
45.5858419,14.5377641,-38.9626738,-1.8985748,0.0390175,5,0
45.7857798,14.7273056,-39.0263055,-1.8908134,0.0386208,5,0
45.9857177,14.9173328,-39.0884716,-1.8831312,0.0382263,5,0
46.1856556,15.1078296,-39.1491836,-1.8755275,0.0378342,5,0
46.3855935,15.2987802,-39.2084529,-1.868002,0.0374441,5,0
46.5855314,15.4901692,-39.2662909,-1.8605544,0.0370562,5,0
46.7854694,15.6819814,-39.3227094,-1.853184,0.0366703,5,0
46.9854073,15.8742022,-39.3777201,-1.8458907,0.0362864,5,0
47.1853452,16.066817,-39.4313348,-1.8386739,0.0359044,5,0
47.3852831,16.2598117,-39.4835653,-1.8315333,0.0355242,5,0
47.585221,16.4531725,-39.5344238,-1.8244685,0.0351459,5,0
47.7851589,16.646886,-39.5839223,-1.8174792,0.0347692,5,0
47.9850968,16.8409389,-39.632073,-1.810565,0.0343943,5,0
48.1850347,17.0353183,-39.6788881,-1.8037256,0.034021,5,0
48.3849726,17.2300116,-39.7243799,-1.7969607,0.0336493,5,0
48.5849105,17.4250067,-39.7685609,-1.79027,0.0332791,5,0
48.7848484,17.6202913,-39.8114434,-1.7836531,0.0329103,5,0
48.9847863,17.815854,-39.85304,-1.7771098,0.032543,5,0
49.1847242,18.0116831,-39.8933634,-1.7706398,0.0321771,5,0
49.3846621,18.2077677,-39.932426,-1.7642429,0.0318125,5,0
49.5846,18.4040967,-39.9702406,-1.7579187,0.0314492,5,0
49.7845379,18.6006596,-40.0068201,-1.751667,0.0310872,5,0
49.9844758,18.7974461,-40.042177,-1.7454876,0.0307263,5,0
50.1844137,18.9944461,-40.0763244,-1.7393802,0.0303667,5,0
50.3843516,19.1916498,-40.1092751,-1.7333446,0.0300081,5,0
50.5842895,19.3890476,-40.141042,-1.7273806,0.0296506,5,0
50.7842274,19.5866303,-40.1716381,-1.721488,0.0292941,5,0
50.9841653,19.7843889,-40.2010765,-1.7156665,0.0289387,5,0
51.1841032,19.9823144,-40.2293702,-1.709916,0.0285842,5,0
51.3840411,20.1803984,-40.2565322,-1.7042363,0.0282307,5,0
51.583979,20.3786326,-40.2825758,-1.6986272,0.0278781,5,0
51.7839169,20.5770089,-40.307514,-1.6930885,0.0275263,5,0
51.9838548,20.7755194,-40.3313601,-1.68762,0.0271754,5,0
52.1837927,20.9741566,-40.3541272,-1.6822217,0.0268252,5,0
52.3837306,21.172913,-40.3758286,-1.6768932,0.0264759,5,0
52.5836685,21.3717816,-40.3964776,-1.6716346,0.0261273,5,0
52.7836064,21.5707553,-40.4160875,-1.6664455,0.0257793,5,0
52.9835444,21.7698274,-40.4346716,-1.661326,0.0254321,5,0
53.1834823,21.9689914,-40.4522432,-1.6562758,0.0250855,5,0
53.3834202,22.1682411,-40.4688156,-1.6512948,0.0247396,5,0
53.5833581,22.3675703,-40.4844023,-1.646383,0.0243943,5,0
53.783296,22.5669732,-40.4990166,-1.6415401,0.0240495,5,0
53.9832339,22.7664441,-40.5126719,-1.6367661,0.0237053,5,0
54.1831718,22.9659774,-40.5253816,-1.6320609,0.0233616,5,0
54.3831097,23.165568,-40.5371593,-1.6274243,0.0230185,5,0
54.5830476,23.3652106,-40.5480182,-1.6228563,0.0226758,5,0
54.7829855,23.5649004,-40.5579719,-1.6183568,0.0223336,5,0
54.9829234,23.7646327,-40.5670338,-1.6139257,0.0219918,5,0
55.1828613,23.9644029,-40.5752174,-1.6095628,0.0216504,5,0
55.3827992,24.1642066,-40.5825362,-1.6052681,0.0213095,5,0
55.5827371,24.3640398,-40.5890036,-1.6010416,0.0209689,5,0
55.782675,24.5638982,-40.5946332,-1.5968831,0.0206287,5,0
55.9826129,24.7637783,-40.5994384,-1.5927927,0.0202889,5,0
56.1825508,24.9636761,-40.6034328,-1.5887701,0.0199494,5,0
56.3824887,25.1635883,-40.6066298,-1.5848154,0.0196102,5,0
56.5824266,25.3635115,-40.609043,-1.5809284,0.0192712,5,0
56.7823645,25.5634426,-40.6106858,-1.5771093,0.0189326,5,0
56.9823024,25.7633784,-40.6115719,-1.5733577,0.0185942,5,0
57.1822403,25.9633161,-40.6117146,-1.5696738,0.0182561,5,0
57.3821782,26.1632531,-40.6111275,-1.5660575,0.0179183,5,0
57.5821161,26.3631866,-40.6098242,-1.5625087,0.0175807,5,0
57.782054,26.5631144,-40.6078181,-1.5590275,0.017243,5,0
57.9819919,26.763034,-40.6051227,-1.5556136,0.0169057,5,0
58.1819298,26.9629434,-40.6017511,-1.5522594,0.0166467,5,0
58.3818677,27.1628404,-40.597711,-1.5489106,0.0168523,5,0
58.5818056,27.3627226,-40.5929966,-1.5455076,0.0171879,5,0
58.7817435,27.5625874,-40.5875953,-1.5420375,0.0175248,5,0
58.9816814,27.7624321,-40.5814938,-1.5384999,0.0178615,5,0
59.1816194,27.9622537,-40.5746786,-1.534895,0.0181986,5,0
59.3815573,28.1620492,-40.5671363,-1.5312227,0.0185359,5,0
59.5814952,28.3618153,-40.5588537,-1.527483,0.0188735,5,0
59.7814331,28.5615488,-40.5498173,-1.5236757,0.0192113,5,0
59.981371,28.7612461,-40.5400138,-1.5198008,0.0195494,5,0
60.1813089,28.9609035,-40.5294298,-1.5158583,0.0198878,5,0
60.3812468,29.1605173,-40.518052,-1.5118481,0.0202266,5,0
60.5811847,29.3600834,-40.5058671,-1.5077702,0.0205657,5,0
60.7811226,29.5595978,-40.4928616,-1.5036244,0.0209051,5,0
60.9810605,29.759056,-40.4790224,-1.4994107,0.0212449,5,0
61.1809984,29.9584536,-40.4643361,-1.495129,0.0215851,5,0
61.3809363,30.157786,-40.4487893,-1.4907793,0.0219257,5,0
61.5808742,30.3570483,-40.4323689,-1.4863615,0.0222667,5,0
61.7808121,30.5562356,-40.4150615,-1.4818754,0.0226082,5,0
61.98075,30.7553425,-40.396854,-1.477321,0.0229501,5,0
62.1806879,30.9543638,-40.377733,-1.4726982,0.0232925,5,0
62.3806258,31.1532939,-40.3576854,-1.4680068,0.0236354,5,0
62.5805637,31.3521271,-40.3366979,-1.4632469,0.0239789,5,0
62.7805016,31.5508573,-40.3147574,-1.4584182,0.0243229,5,0
62.9804395,31.7494785,-40.2918508,-1.4535207,0.0246674,5,0
63.1803774,31.9479842,-40.2679648,-1.4485543,0.0250126,5,0
63.3803153,32.1463681,-40.2430864,-1.4435187,0.0253584,5,0
63.5802532,32.3446232,-40.2172025,-1.438414,0.0257049,5,0
63.7801911,32.5427427,-40.1903001,-1.4332399,0.026052,5,0
63.980129,32.7407194,-40.162366,-1.4279964,0.0263999,5,0
64.1800669,32.9385459,-40.1333874,-1.4226832,0.0267485,5,0
64.3800048,33.1362145,-40.1033511,-1.4173003,0.0270978,5,0
64.5799427,33.3337175,-40.0722444,-1.4118474,0.027448,5,0
64.7798806,33.5310468,-40.0400543,-1.4063244,0.027799,5,0
64.9798185,33.7281942,-40.0067679,-1.4007312,0.0281508,5,0
65.1797564,33.9251511,-39.9723724,-1.3950675,0.0285035,5,0
65.3796944,34.1219087,-39.9368551,-1.3893333,0.0288572,5,0
65.5796323,34.3184582,-39.9002031,-1.3835282,0.0292118,5,0
65.7795702,34.5147902,-39.8624038,-1.3776521,0.0295674,5,0
65.9795081,34.7108953,-39.8234445,-1.3717049,0.029924,5,0
66.179446,34.9067638,-39.7833126,-1.3656862,0.0302817,5,0
66.3793839,35.1023858,-39.7419956,-1.3595959,0.0306405,5,0
66.5793218,35.2977509,-39.699481,-1.3534337,0.0310005,5,0
66.7792597,35.4928488,-39.6557562,-1.3471994,0.0313616,5,0
66.9791976,35.6876687,-39.610809,-1.3408928,0.031724,5,0
67.1791355,35.8821995,-39.564627,-1.3345137,0.0320877,5,0
67.3790734,36.0764301,-39.5171979,-1.3280617,0.0324527,5,0
67.5790113,36.2703488,-39.4685096,-1.3215365,0.032819,5,0
67.7789492,36.4639439,-39.4185498,-1.314938,0.0331868,5,0
67.9788871,36.6572032,-39.3673067,-1.3082659,0.033556,5,0
68.178825,36.8501143,-39.314768,-1.3015197,0.0339267,5,0
68.3787629,37.0426646,-39.2609221,-1.2946993,0.034299,5,0
68.5787008,37.2348411,-39.2057569,-1.2878043,0.0346729,5,0
68.7786387,37.4266306,-39.1492609,-1.2808343,0.0350484,5,0
68.9785766,37.6180195,-39.0914222,-1.2737892,0.0354257,5,0
69.1785145,37.8089938,-39.0322295,-1.2666684,0.0358047,5,0
69.3784524,37.9995396,-38.9716711,-1.2594716,0.0361856,5,0
69.5783903,38.1896422,-38.9097358,-1.2521985,0.0365683,5,0
69.7783282,38.3792869,-38.8464122,-1.2448487,0.036953,5,0
69.9782661,38.5684585,-38.7816892,-1.2374218,0.0373397,5,0
70.178204,38.7571417,-38.7155557,-1.2299173,0.0377285,5,0
70.3781419,38.9453206,-38.6480008,-1.2223349,0.0381195,5,0
70.5780798,39.1329792,-38.5790137,-1.2146741,0.0385126,5,0
70.7780177,39.320101,-38.5085836,-1.2069345,0.038908,5,0
70.9779556,39.5066693,-38.4367,-1.1991155,0.0393058,5,0
71.1778935,39.6926668,-38.3633524,-1.1912169,0.039706,5,0
71.3778314,39.8780763,-38.2885306,-1.1832379,0.0401087,5,0
71.5777694,40.0628797,-38.2122244,-1.1751782,0.040514,5,0
71.7777073,40.247059,-38.1344237,-1.1670372,0.0409219,5,0
71.9776452,40.4305955,-38.0551187,-1.1588143,0.0413326,5,0
72.1775831,40.6134704,-37.9742997,-1.1505091,0.0417461,5,0
72.377521,40.7956643,-37.8919571,-1.1421209,0.0421624,5,0
72.5774589,40.9771576,-37.8080816,-1.1336491,0.0425818,5,0
72.7773968,41.1579303,-37.722664,-1.1250932,0.0430043,5,0
72.9773347,41.3379618,-37.6356952,-1.1164525,0.0434299,5,0
73.1772726,41.5172314,-37.5471665,-1.1077264,0.0438588,5,0
73.3772105,41.6957177,-37.4570692,-1.0989142,0.0442911,5,0
73.5771484,41.8733992,-37.3653948,-1.0900153,0.0447268,5,0
73.7770863,42.0502538,-37.2721352,-1.0810288,0.0451661,5,0
73.9770242,42.226259,-37.1772823,-1.0719542,0.0456091,5,0
74.1769621,42.4013919,-37.0808284,-1.0627906,0.0460559,5,0
74.3769,42.5756292,-36.9827659,-1.0535373,0.0465066,5,0
74.5768379,42.7489471,-36.8830875,-1.0441934,0.0469613,5,0
74.7767758,42.9213214,-36.7817862,-1.0347583,0.0474202,5,0
74.9767137,43.0927276,-36.6788552,-1.025231,0.0478833,5,0
75.1766516,43.2631405,-36.574288,-1.0156106,0.0483508,5,0
75.3765895,43.4325345,-36.4680782,-1.0058964,0.0488228,5,0
75.5765274,43.6008837,-36.36022,-0.9960873,0.0492994,5,0
75.7764653,43.7681615,-36.2507076,-0.9861824,0.0497811,5,0
75.9764032,43.9343412,-36.1395358,-0.9761817,0.0502574,5,0
76.1763411,44.0993956,-36.0267003,-0.9660928,0.0506639,5,0
76.376279,44.2632999,-35.9122005,-0.9559571,0.0507253,5,0
76.5762169,44.426035,-35.7960449,-0.9458197,0.0506804,5,0
76.7761548,44.5875847,-35.6782463,-0.935691,0.0506391,5,0
76.9760927,44.7479335,-35.5588181,-0.92557,0.0506032,5,0
77.1760306,44.9070658,-35.4377737,-0.9154557,0.0505724,5,0
77.3759685,45.064966,-35.3151265,-0.905347,0.0505469,5,0
77.5759064,45.2216187,-35.1908898,-0.8952429,0.0505264,5,0
77.7758444,45.3770083,-35.0650769,-0.8851423,0.0505112,5,0
77.9757823,45.5311194,-34.9377011,-0.8750443,0.0505011,5,0
78.1757202,45.6839366,-34.8087757,-0.8649478,0.0504961,5,0
78.3756581,45.8354443,-34.6783141,-0.8548518,0.0504963,5,0
78.575596,45.9856272,-34.5463295,-0.8447552,0.0505016,5,0
78.7755339,46.1344698,-34.4128353,-0.8346571,0.0505121,5,0
78.9754718,46.2819566,-34.2778446,-0.8245563,0.0505277,5,0
79.1754097,46.4280721,-34.1413709,-0.8144519,0.0505485,5,0
79.3753476,46.5728009,-34.0034274,-0.8043428,0.0505745,5,0
79.5752855,46.7161275,-33.8640276,-0.7942281,0.0506056,5,0
79.7752234,46.8580363,-33.7231847,-0.7841065,0.0506419,5,0
79.9751613,46.9985117,-33.5809122,-0.7739772,0.0506834,5,0
80.1750992,47.1375383,-33.4372234,-0.7638391,0.0507301,5,0
80.3750371,47.2751002,-33.292132,-0.7536911,0.0507821,5,0
80.574975,47.411182,-33.1456514,-0.7435322,0.0508392,5,0
80.7749129,47.5457678,-32.9977951,-0.7333614,0.0509017,5,0
80.9748508,47.6788419,-32.8485767,-0.7231775,0.0509694,5,0
81.1747887,47.8103884,-32.69801,-0.7129796,0.0510424,5,0
81.3747266,47.9403915,-32.5461087,-0.7027666,0.0511207,5,0
81.5746645,48.0688353,-32.3928866,-0.6925373,0.0512043,5,0
81.7746024,48.1957037,-32.2383576,-0.6822908,0.0512933,5,0
81.9745403,48.3209807,-32.0825356,-0.672026,0.0513878,5,0
82.1744782,48.4446501,-31.9254347,-0.6617418,0.0514876,5,0
82.3744161,48.5666957,-31.767069,-0.651437,0.0515929,5,0
82.574354,48.6871013,-31.6074529,-0.6411106,0.0517037,5,0
82.7742919,48.8058504,-31.4466006,-0.6307616,0.05182,5,0
82.9742298,48.9229265,-31.2845266,-0.6203887,0.0519418,5,0
83.1741677,49.0383132,-31.1212455,-0.6099909,0.0520693,5,0
83.3741056,49.1519938,-30.956772,-0.5995671,0.0522024,5,0
83.5740435,49.2639516,-30.791121,-0.5891161,0.0523412,5,0
83.7739814,49.3741697,-30.6243074,-0.5786367,0.0524856,5,0
83.9739194,49.4826313,-30.4563464,-0.5681279,0.0526362,5,0
84.1738573,49.5893192,-30.2872533,-0.5575884,0.0527929,5,0
84.3737952,49.6942167,-30.1170437,-0.5470228,0.0528962,5,0
84.5737331,49.7973113,-29.9457361,-0.53649,0.0524643,5,0
84.773671,49.8986043,-29.773357,-0.5260593,0.0518768,5,0
84.9736089,49.9981038,-29.5999366,-0.5157453,0.0512956,5,0
85.1735468,50.0958196,-29.4255048,-0.5055471,0.0507197,5,0
85.3734847,50.1917615,-29.2500911,-0.4954634,0.0501491,5,0
85.5734226,50.2859398,-29.0737242,-0.4854933,0.0495836,5,0
85.7733605,50.378365,-28.8964323,-0.4756358,0.049023,5,0
85.9732984,50.4690481,-28.718243,-0.4658899,0.0484672,5,0
86.1732363,50.5580002,-28.5391832,-0.4562546,0.047916,5,0
86.3731742,50.6452328,-28.3592796,-0.4467291,0.0473691,5,0
86.5731121,50.7307577,-28.1785578,-0.4373125,0.0468266,5,0
86.77305,50.8145869,-27.9970432,-0.428004,0.0462882,5,0
86.9729879,50.8967326,-27.8147605,-0.4188028,0.0457538,5,0
87.1729258,50.9772074,-27.631734,-0.4097079,0.0452232,5,0
87.3728637,51.056024,-27.4479874,-0.4007188,0.0446964,5,0
87.5728016,51.1331954,-27.2635437,-0.3918347,0.0441731,5,0
87.7727395,51.2087349,-27.0784256,-0.3830549,0.0436533,5,0
87.9726774,51.2826558,-26.8926553,-0.3743786,0.0431369,5,0
88.1726153,51.3549717,-26.7062543,-0.3658053,0.0426236,5,0
88.3725532,51.4256966,-26.5192438,-0.3573342,0.0421135,5,0
88.5724911,51.4948442,-26.3316444,-0.3489649,0.0416064,5,0
88.772429,51.562429,-26.1434763,-0.3406967,0.0411021,5,0
88.9723669,51.6284651,-25.9547591,-0.3325289,0.0406007,5,0
89.1723048,51.6929671,-25.765512,-0.3244612,0.0401019,5,0
89.3722427,51.7559497,-25.5757539,-0.316493,0.0396058,5,0
89.5721806,51.8174277,-25.385503,-0.3086237,0.0391121,5,0
89.7721185,51.877416,-25.1947771,-0.3008529,0.0386208,5,0
89.9720564,51.9359299,-25.0035937,-0.29318,0.0381318,5,0
90.1719944,51.9929844,-24.8119697,-0.2856047,0.037645,5,0
90.3719323,52.0485951,-24.6199217,-0.2781265,0.0371604,5,0
90.5718702,52.1027774,-24.4274658,-0.2707451,0.0366778,5,0
90.7718081,52.1555469,-24.2346178,-0.2634598,0.0361972,5,0
90.971746,52.2069193,-24.0413929,-0.2562705,0.0357185,5,0
91.1716839,52.2569106,-23.847806,-0.2491768,0.0352416,5,0
91.3716218,52.3055365,-23.6538717,-0.2421782,0.0347665,5,0
91.5715597,52.3528133,-23.459604,-0.2352744,0.034293,5,0
91.7714976,52.3987569,-23.2650168,-0.2284651,0.0338211,5,0
91.9714355,52.4433837,-23.0701233,-0.22175,0.0333508,5,0
92.1713734,52.4867099,-22.8749366,-0.2151288,0.032882,5,0
92.3713113,52.528752,-22.6794692,-0.2086012,0.0324146,5,0
92.5712492,52.5695264,-22.4837335,-0.2021669,0.0319485,5,0
92.7711871,52.6090496,-22.2877413,-0.1958257,0.0314837,5,0
92.971125,52.6473384,-22.0915042,-0.1895773,0.0310202,5,0
93.1710629,52.6844093,-21.8950334,-0.1834214,0.0305579,5,0
93.3710008,52.7202792,-21.6983397,-0.1773578,0.0300967,5,0
93.5709387,52.7549648,-21.5014337,-0.1713864,0.0296366,5,0
93.7708766,52.788483,-21.3043257,-0.1655068,0.0291775,5,0
93.9708145,52.8208509,-21.1070255,-0.159719,0.0287194,5,0
94.1707524,52.8520853,-20.9095427,-0.1540226,0.0282622,5,0
94.3706903,52.8822032,-20.7118865,-0.1484175,0.027806,5,0
94.5706282,52.9112219,-20.5140659,-0.1429036,0.0273505,5,0
94.7705661,52.9391584,-20.3160896,-0.1374806,0.0268959,5,0
94.970504,52.9660298,-20.1179659,-0.1321485,0.0264421,5,0
95.1704419,52.9918534,-19.9197029,-0.126907,0.025989,5,0
95.3703798,53.0166465,-19.7213084,-0.1217561,0.0255366,5,0
95.5703177,53.0404263,-19.5227899,-0.1166955,0.0250848,5,0
95.7702556,53.0632102,-19.3241546,-0.1117252,0.0246337,5,0
95.9701935,53.0850154,-19.1254095,-0.1068451,0.0241832,5,0
96.1701314,53.1058595,-18.9265612,-0.1020549,0.0237332,5,0
96.3700693,53.1257597,-18.7276164,-0.0973547,0.0232837,5,0
96.5700073,53.1447336,-18.528581,-0.0927443,0.0228347,5,0
96.7699452,53.1627986,-18.329461,-0.0882236,0.0223863,5,0
96.9698831,53.1799722,-18.1302622,-0.0837926,0.0219382,5,0
97.169821,53.1962719,-17.93099,-0.0794511,0.0214905,5,0
97.3697589,53.2117152,-17.7316495,-0.075199,0.0210433,5,0
97.5696968,53.2263197,-17.5322459,-0.0710363,0.0205964,5,0
97.7696347,53.2401029,-17.3327838,-0.066963,0.0201498,5,0
97.9695726,53.2530824,-17.1332677,-0.0629789,0.0197036,5,0
98.1695105,53.2652758,-16.9337021,-0.059084,0.0192577,5,0
98.3694484,53.2767008,-16.734091,-0.0552782,0.018812,5,0
98.5693863,53.2873748,-16.5344384,-0.0515615,0.0183666,5,0
98.7693242,53.2973157,-16.3347479,-0.0479338,0.0179215,5,0
98.9692621,53.306541,-16.135023,-0.0443951,0.0174765,5,0
99.1692,53.3150683,-15.9352671,-0.0409453,0.0170318,5,0
99.3691379,53.3229153,-15.7354834,-0.0375845,0.0165872,5,0
99.5690758,53.3300998,-15.5356747,-0.0343125,0.0161429,5,0
99.7690137,53.3366393,-15.3358438,-0.0311293,0.0156987,5,0
99.9689516,53.3425515,-15.1359934,-0.028035,0.0152546,5,0
100.1688895,53.3478542,-14.9361259,-0.0250294,0.0148107,5,0
100.3688274,53.352565,-14.7362436,-0.0221125,0.0143669,5,0
100.5687653,53.3567016,-14.5363486,-0.0192844,0.0139232,5,0
100.7687032,53.3602818,-14.3364428,-0.0165449,0.0134796,5,0
100.9686411,53.3633231,-14.1365281,-0.0138942,0.0130361,5,0
101.168579,53.3658434,-13.9366061,-0.0113321,0.0125927,5,0
101.3685169,53.3678604,-13.7366784,-0.0088586,0.0121494,5,0
101.5684548,53.3693916,-13.5367464,-0.0064738,0.0117061,5,0
101.7683927,53.370455,-13.3368114,-0.0041776,0.0112629,5,0
101.9683306,53.3710681,-13.1368745,-0.0019701,0.0108198,5,0
102.1682685,53.3712487,-12.9369367,0.0001489,0.0103767,5,0
102.3682064,53.3710144,-12.736999,0.0021793,0.0099336,5,0
102.5681443,53.3703831,-12.5370621,0.0041212,0.0094906,5,0
102.7680823,53.3693724,-12.3371268,0.0059744,0.0090476,5,0
102.9680202,53.368,-12.1371936,0.0077391,0.0086046,5,0
103.1679581,53.3662837,-11.9372631,0.0094152,0.0081617,5,0
103.367896,53.3642411,-11.7373356,0.0110027,0.0077188,5,0
103.5678339,53.3618899,-11.5374116,0.0125017,0.0072758,5,0
103.7677718,53.359248,-11.3374912,0.0139122,0.0068329,5,0
103.9677097,53.3563329,-11.1375745,0.015234,0.00639,5,0
104.1676476,53.3531624,-10.9376618,0.0164674,0.0059472,5,0
104.3675855,53.3497542,-10.7377529,0.0176122,0.0055043,5,0
104.5675234,53.346126,-10.537848,0.0186684,0.0050614,5,0
104.7674613,53.3422955,-10.3379468,0.0196361,0.0046186,5,0
104.9673992,53.3382804,-10.1380492,0.0205153,0.0041757,5,0
105.1673371,53.3340984,-9.938155,0.0213059,0.0037328,5,0
105.367275,53.3297672,-9.738264,0.0220079,0.00329,5,0
105.5672129,53.3253046,-9.5383759,0.0226214,0.0028471,5,0
105.7671508,53.3207281,-9.3384904,0.0231464,0.0024043,5,0
105.9670887,53.3160556,-9.1386071,0.0235829,0.0019614,5,0
106.1670266,53.3113047,-8.9387257,0.0239307,0.0015183,5,0
106.3669645,53.3064932,-8.7388457,0.0241889,0.001064,5,0
106.5669024,53.3016387,-8.5389667,0.0243629,0.0006772,5,0
106.7668403,53.2967554,-8.3390885,0.0244861,0.0005549,5,0
106.9667782,53.2918496,-8.1392108,0.0245897,0.0004815,5,0
107.1667161,53.2869245,-7.9393335,0.0246794,0.0004154,5,0
107.366654,53.2819828,-7.7394567,0.0247558,0.0003494,5,0
107.5665919,53.2770271,-7.5395802,0.0248191,0.0002835,5,0
107.7665298,53.2720601,-7.339704,0.0248692,0.0002175,5,0
107.9664677,53.2670844,-7.139828,0.0249061,0.0001515,5,0
108.1664056,53.2621027,-6.9399522,0.0249298,0.0000855,5,0
108.3663435,53.2571175,-6.7400765,0.0249403,0.0000195,5,0
108.5662814,53.2521316,-6.5402007,0.0249379,-0.0000432,5,0
108.7662193,53.2471472,-6.340325,0.0249248,-0.0000875,5,0
108.9661573,53.2421662,-6.1404491,0.0249052,-0.0001087,5,0
109.1660952,53.2371894,-5.9405732,0.0248839,-0.0001046,5,0
109.3660331,53.2322167,-5.7406971,0.0248638,-0.0000965,5,0
109.565971,53.2272479,-5.540821,0.0248449,-0.0000924,5,0
109.7659089,53.2222828,-5.3409447,0.0248267,-0.0000892,5,0
109.9658468,53.2173212,-5.1410684,0.0248092,-0.0000862,5,0
110.1657847,53.2123631,-4.941192,0.0247923,-0.0000831,5,0
110.3657226,53.2074084,-4.7413155,0.024776,-0.0000801,5,0
110.5656605,53.2024568,-4.5414389,0.02476,-0.0000794,5,0
110.7655984,53.1975085,-4.3415622,0.024744,-0.0000811,5,0
110.9655363,53.1925633,-4.1416855,0.0247276,-0.0000826,5,0
111.1654742,53.1876215,-3.9418087,0.024711,-0.0000838,5,0
111.3654121,53.182683,-3.7419318,0.0246941,-0.0000851,5,0
111.56535,53.1777479,-3.5420548,0.024677,-0.0000864,5,0
111.7652879,53.1728163,-3.3421777,0.0246596,-0.0000876,5,0
111.9652258,53.1678882,-3.1423006,0.0246419,-0.000089,5,0
112.1651637,53.1629636,-2.9424233,0.024624,-0.0000902,5,0
112.3651016,53.1580427,-2.742546,0.0246058,-0.0000915,5,0
112.5650395,53.1531254,-2.5426685,0.0245874,-0.0000928,5,0
112.7649774,53.1482118,-2.342791,0.0245687,-0.000094,5,0
112.9649153,53.1433019,-2.1429134,0.0245499,-0.0000943,5,0
113.1648532,53.1383958,-1.9430357,0.0245311,-0.0000938,5,0
113.3647911,53.1334935,-1.7431579,0.0245124,-0.0000933,5,0
113.564729,53.1285949,-1.54328,0.0244938,-0.0000928,5,0
113.7646669,53.1237,-1.3434021,0.0244753,-0.0000923,5,0
113.9646048,53.1188088,-1.143524,0.0244569,-0.0000918,5,0
114.1645427,53.1139213,-0.9436458,0.0244386,-0.0000913,5,0
114.3644806,53.1090374,-0.7437676,0.0244203,-0.0000908,5,0
114.5644185,53.1041571,-0.5438893,0.0244022,-0.0000903,5,0
114.7643564,53.0992805,-0.3440108,0.0243842,-0.0000898,5,0
114.9642943,53.0944074,-0.1441323,0.0243663,-0.0000893,5,0
115.1642323,53.0895379,0.0557463,0.0243485,-0.0000888,5,0
115.3641702,53.084672,0.2556249,0.0243308,-0.0000883,5,0
115.5641081,53.0798096,0.4555037,0.0243132,-0.0000878,5,0
115.764046,53.0749507,0.6553826,0.0242957,-0.0000873,5,0
115.9639839,53.0700953,0.8552615,0.0242783,-0.0000868,5,0
116.1639218,53.0652434,1.0551405,0.0242609,-0.0000863,5,0
116.3638597,53.0603949,1.2550196,0.0242437,-0.0000858,5,0
116.5637976,53.0555498,1.4548988,0.0242266,-0.0000853,5,0
116.7637355,53.0507082,1.6547781,0.0242096,-0.0000848,5,0
116.9636734,53.0458699,1.8546575,0.0241927,-0.0000843,5,0
117.1636113,53.041035,2.0545369,0.0241759,-0.0000839,5,0
117.3635492,53.0362035,2.2544164,0.0241591,-0.0000836,5,0
117.5634871,53.0313753,2.454296,0.0241424,-0.0000833,5,0
117.763425,53.0265505,2.6541757,0.0241258,-0.000083,5,0
117.9633629,53.0217289,2.8540554,0.0241093,-0.0000827,5,0
118.1633008,53.0169107,3.0539353,0.0240928,-0.0000824,5,0
118.3632387,53.0120957,3.2538152,0.0240763,-0.0000821,5,0
118.5631766,53.0072841,3.4536952,0.0240599,-0.0000818,5,0
118.7631145,53.0024757,3.6535753,0.0240436,-0.0000814,5,0
118.9630524,52.9976705,3.8534554,0.0240274,-0.0000811,5,0
119.1629903,52.9928686,4.0533357,0.0240112,-0.0000808,5,0
119.3629282,52.98807,4.253216,0.023995,-0.0000805,5,0
119.5628661,52.9832745,4.4530963,0.023979,-0.0000802,5,0
119.762804,52.9784823,4.6529768,0.023963,-0.0000799,5,0
119.9627419,52.9736932,4.8528573,0.023947,-0.0000796,5,0
120.1626798,52.9689073,5.052738,0.0239312,-0.0000793,5,0
120.3626177,52.9641246,5.2526187,0.0239153,-0.000079,5,0
120.5625556,52.9593451,5.4524994,0.0238996,-0.0000786,5,0
120.7624935,52.9545687,5.6523803,0.0238839,-0.0000783,5,0
120.9624314,52.9497954,5.8522612,0.0238683,-0.000078,5,0
121.1623693,52.9450252,6.0521422,0.0238527,-0.0000777,5,0
121.3623073,52.9402582,6.2520232,0.0238372,-0.0000774,5,0
121.5622452,52.9354942,6.4519044,0.0238217,-0.0000771,5,0
121.7621831,52.9307333,6.6517856,0.0238063,-0.0000768,5,0
121.962121,52.9259755,6.8516669,0.023791,-0.0000765,5,0
122.1620589,52.9212208,7.0515482,0.0237758,-0.0000762,5,0
122.3619968,52.9164691,7.2514297,0.0237606,-0.0000759,5,0
122.5619347,52.9117204,7.4513112,0.0237454,-0.0000755,5,0
122.7618726,52.9069747,7.6511927,0.0237304,-0.0000752,5,0
122.9618105,52.9022321,7.8510744,0.0237153,-0.0000749,5,0
123.1617484,52.8974924,8.0509561,0.0237004,-0.0000746,5,0
123.3616863,52.8927557,8.2508379,0.0236855,-0.0000743,5,0
123.5616242,52.888022,8.4507198,0.0236707,-0.000074,5,0
123.7615621,52.8832913,8.6506017,0.0236559,-0.0000737,5,0
123.9615,52.8785635,8.8504837,0.0236412,-0.0000734,5,0
124.1614379,52.8738386,9.0503657,0.0236266,-0.0000731,5,0
124.3613758,52.8691167,9.2502479,0.023612,-0.0000727,5,0
124.5613137,52.8643976,9.4501301,0.0235975,-0.0000724,5,0
124.7612516,52.8596815,9.6500124,0.023583,-0.0000721,5,0
124.9611895,52.8549682,9.8498947,0.0235687,-0.0000718,5,0
125.1611274,52.8502578,10.0497771,0.0235543,-0.0000715,5,0
125.3610653,52.8455503,10.2496596,0.0235401,-0.0000712,5,0
125.5610032,52.8408456,10.4495421,0.0235259,-0.0000709,5,0
125.7609411,52.8361437,10.6494247,0.0235117,-0.0000706,5,0
125.960879,52.8314447,10.8493074,0.0234976,-0.0000703,5,0
126.1608169,52.8267484,11.0491902,0.0234836,-0.00007,5,0
126.3607548,52.822055,11.249073,0.0234697,-0.0000696,5,0
126.5606927,52.8173643,11.4489558,0.0234558,-0.0000693,5,0
126.7606306,52.8126765,11.6488388,0.0234419,-0.000069,5,0
126.9605685,52.8079913,11.8487218,0.0234282,-0.0000687,5,0
127.1605064,52.8033089,12.0486048,0.0234145,-0.0000684,5,0
127.3604443,52.7986293,12.248488,0.0234008,-0.0000681,5,0
127.5603823,52.7939524,12.4483712,0.0233872,-0.0000678,5,0
127.7603202,52.7892782,12.6482544,0.0233737,-0.0000675,5,0
127.9602581,52.7846066,12.8481377,0.0233603,-0.0000672,5,0
128.160196,52.7799378,13.0480211,0.0233469,-0.0000668,5,0
128.3601339,52.7752716,13.2479046,0.0233335,-0.0000665,5,0
128.5600718,52.7706081,13.4477881,0.0233203,-0.0000662,5,0
128.7600097,52.7659473,13.6476717,0.023307,-0.0000659,5,0
128.9599476,52.7612891,13.8475553,0.0232939,-0.0000656,5,0
129.1598855,52.7566335,14.047439,0.0232808,-0.0000653,5,0
129.3598234,52.7519805,14.2473227,0.0232678,-0.000065,5,0
129.5597613,52.7473301,14.4472065,0.0232548,-0.0000647,5,0
129.7596992,52.7426823,14.6470904,0.0232419,-0.0000644,5,0
129.9596371,52.738037,14.8469744,0.0232291,-0.0000641,5,0
130.159575,52.7333943,15.0468583,0.0232163,-0.0000637,5,0
130.3595129,52.7287542,15.2467424,0.0232036,-0.0000634,5,0
130.5594508,52.7241166,15.4466265,0.0231909,-0.0000631,5,0
130.7593887,52.7194815,15.6465107,0.0231784,-0.0000628,5,0
130.9593266,52.714849,15.8463949,0.0231658,-0.0000625,5,0
131.1592645,52.7102189,16.0462792,0.0231534,-0.0000622,5,0
131.3592024,52.7055913,16.2461635,0.023141,-0.0000619,5,0
131.5591403,52.7009662,16.4460479,0.0231286,-0.0000616,5,0
131.7590782,52.6963436,16.6459324,0.0231163,-0.0000613,5,0
131.9590161,52.6917234,16.8458169,0.0231041,-0.0000609,5,0
132.158954,52.6871056,17.0457015,0.023092,-0.0000606,5,0
132.3588919,52.6824903,17.2455861,0.0230799,-0.0000603,5,0
132.5588298,52.6778773,17.4454708,0.0230678,-0.00006,5,0
132.7587677,52.6732668,17.6453555,0.0230559,-0.0000597,5,0
132.9587056,52.6686587,17.8452403,0.023044,-0.0000594,5,0
133.1586435,52.6640529,18.0451252,0.0230321,-0.0000591,5,0
133.3585814,52.6594495,18.2450101,0.0230203,-0.0000588,5,0
133.5585193,52.6548484,18.444895,0.0230086,-0.0000585,5,0
133.7584573,52.6502497,18.64478,0.022997,-0.0000581,5,0
133.9583952,52.6456533,18.8446651,0.0229854,-0.0000578,5,0
134.1583331,52.6410592,19.0445502,0.0229738,-0.0000575,5,0
134.358271,52.6364674,19.2444354,0.0229624,-0.0000572,5,0
134.5582089,52.6318779,19.4443206,0.022951,-0.0000569,5,0
134.7581468,52.6272907,19.6442059,0.0229396,-0.0000566,5,0
134.9580847,52.6227057,19.8440912,0.0229283,-0.0000563,5,0
135.1580226,52.618123,20.0439766,0.0229171,-0.000056,5,0
135.3579605,52.6135425,20.243862,0.0229059,-0.0000557,5,0
135.5578984,52.6089643,20.4437475,0.0228948,-0.0000554,5,0
135.7578363,52.6043882,20.643633,0.0228838,-0.000055,5,0
135.9577742,52.5998144,20.8435186,0.0228728,-0.0000547,5,0
136.1577121,52.5952427,21.0434042,0.0228619,-0.0000544,5,0
136.35765,52.5906732,21.2432899,0.0228511,-0.0000541,5,0
136.5575879,52.5861059,21.4431756,0.0228403,-0.0000538,5,0
136.7575258,52.5815408,21.6430614,0.0228296,-0.0000535,5,0
136.9574637,52.5769777,21.8429472,0.0228189,-0.0000532,5,0
137.1574016,52.5724168,22.0428331,0.0228083,-0.0000529,5,0
137.3573395,52.567858,22.242719,0.0227978,-0.0000526,5,0
137.5572774,52.5633013,22.442605,0.0227873,-0.0000522,5,0
137.7572153,52.5587467,22.642491,0.0227769,-0.0000519,5,0
137.9571532,52.5541942,22.8423771,0.0227665,-0.0000516,5,0
138.1570911,52.5496437,23.0422632,0.0227562,-0.0000513,5,0
138.357029,52.5450953,23.2421494,0.022746,-0.000051,5,0
138.5569669,52.5405489,23.4420356,0.0227358,-0.0000507,5,0
138.7569048,52.5360046,23.6419218,0.0227257,-0.0000504,5,0
138.9568427,52.5314623,23.8418081,0.0227157,-0.0000501,5,0
139.1567806,52.5269219,24.0416945,0.0227057,-0.0000497,5,0
139.3567185,52.5223836,24.2415809,0.0226958,-0.0000495,5,0
139.5566564,52.5178472,24.4414673,0.0226859,-0.0000491,5,0
139.7565943,52.5133128,24.6413538,0.0226761,-0.0000488,5,0
139.9565323,52.5087803,24.8412403,0.0226664,-0.0000485,5,0
140.1564702,52.5042498,25.0411269,0.0226567,-0.0000482,5,0
140.3564081,52.4997212,25.2410135,0.0226471,-0.0000479,5,0
140.556346,52.4951946,25.4409001,0.0226376,-0.0000476,5,0
140.7562839,52.4906698,25.6407868,0.0226281,-0.0000473,5,0
140.9562218,52.4861469,25.8406736,0.0226187,-0.000047,5,0
141.1561597,52.4816259,26.0405603,0.0226093,-0.0000467,5,0
141.3560976,52.4771068,26.2404472,0.0226,-0.0000464,5,0
141.5560355,52.4725895,26.440334,0.0225908,-0.000046,5,0
141.7559734,52.468074,26.6402209,0.0225816,-0.0000457,5,0
141.9559113,52.4635604,26.8401079,0.0225725,-0.0000454,5,0
142.1558492,52.4590486,27.0399949,0.0225634,-0.0000451,5,0
142.3557871,52.4545386,27.2398819,0.0225545,-0.0000448,5,0
142.555725,52.4500304,27.439769,0.0225455,-0.0000445,5,0
142.7556629,52.4455239,27.6396561,0.0225367,-0.0000442,5,0
142.9556008,52.4410193,27.8395432,0.0225279,-0.0000439,5,0
143.1555387,52.4365163,28.0394304,0.0225191,-0.0000436,5,0
143.3554766,52.4320152,28.2393177,0.0225105,-0.0000432,5,0
143.5554145,52.4275157,28.4392049,0.0225018,-0.0000429,5,0
143.7553524,52.423018,28.6390922,0.0224933,-0.0000426,5,0
143.9552903,52.4185219,28.8389796,0.0224848,-0.0000423,5,0
144.1552282,52.4140276,29.038867,0.0224764,-0.000042,5,0
144.3551661,52.4095349,29.2387544,0.022468,-0.0000417,5,0
144.555104,52.4050439,29.4386418,0.0224597,-0.0000414,5,0
144.7550419,52.4005546,29.6385293,0.0224515,-0.0000411,5,0
144.9549798,52.3960669,29.8384169,0.0224433,-0.0000408,5,0
145.1549177,52.3915808,30.0383044,0.0224352,-0.0000404,5,0
145.3548556,52.3870964,30.238192,0.0224271,-0.0000401,5,0
145.5547935,52.3826135,30.4380797,0.0224191,-0.0000398,5,0
145.7547314,52.3781323,30.6379674,0.0224112,-0.0000395,5,0
145.9546693,52.3736526,30.8378551,0.0224033,-0.0000392,5,0
146.1546073,52.3691745,31.0377428,0.0223955,-0.0000389,5,0
146.3545452,52.3646979,31.2376306,0.0223878,-0.0000386,5,0
146.5544831,52.3602229,31.4375184,0.0223801,-0.0000383,5,0
146.754421,52.3557494,31.6374063,0.0223725,-0.0000379,5,0
146.9543589,52.3512774,31.8372942,0.0223649,-0.0000377,5,0
147.1542968,52.346807,32.0371821,0.0223574,-0.0000373,5,0
147.3542347,52.342338,32.23707,0.02235,-0.000037,5,0
147.5541726,52.3378705,32.436958,0.0223426,-0.0000367,5,0
147.7541105,52.3334045,32.636846,0.0223353,-0.0000364,5,0
147.9540484,52.3289399,32.8367341,0.022328,-0.0000361,5,0
148.1539863,52.3244767,33.0366222,0.0223209,-0.0000358,5,0
148.3539242,52.320015,33.2365103,0.0223137,-0.0000355,5,0
148.5538621,52.3155548,33.4363984,0.0223067,-0.0000352,5,0
148.7538,52.3110959,33.6362866,0.0222997,-0.0000348,5,0
148.9537379,52.3066384,33.8361748,0.0222927,-0.0000345,5,0
149.1536758,52.3021823,34.0360631,0.0222859,-0.0000342,5,0
149.3536137,52.2977276,34.2359513,0.022279,-0.0000339,5,0
149.5535516,52.2932742,34.4358396,0.0222723,-0.0000336,5,0
149.7534895,52.2888221,34.635728,0.0222656,-0.0000333,5,0
149.9534274,52.2843714,34.8356163,0.022259,-0.000033,5,0
150.1533653,52.279922,35.0355047,0.0222524,-0.0000327,5,0
150.3533032,52.2754739,35.2353931,0.0222459,-0.0000324,5,0
150.5532411,52.2710272,35.4352816,0.0222395,-0.0000321,5,0
150.753179,52.2665816,35.63517,0.0222331,-0.0000317,5,0
150.9531169,52.2621374,35.8350585,0.0222268,-0.0000314,5,0
151.1530548,52.2576944,36.0349471,0.0222205,-0.0000311,5,0
151.3529927,52.2532527,36.2348356,0.0222143,-0.0000308,5,0
151.5529306,52.2488122,36.4347242,0.0222082,-0.0000305,5,0
151.7528685,52.2443729,36.6346128,0.0222021,-0.0000302,5,0
151.9528064,52.2399348,36.8345015,0.0221961,-0.0000299,5,0
152.1527443,52.2354979,37.0343901,0.0221902,-0.0000296,5,0
152.3526823,52.2310622,37.2342788,0.0221843,-0.0000293,5,0
152.5526202,52.2266277,37.4341676,0.0221785,-0.0000289,5,0
152.7525581,52.2221943,37.6340563,0.0221727,-0.0000286,5,0
152.952496,52.217762,37.8339451,0.022167,-0.0000283,5,0
153.1524339,52.2133309,38.0338339,0.0221614,-0.000028,5,0
153.3523718,52.208901,38.2337227,0.0221558,-0.0000277,5,0
153.5523097,52.2044721,38.4336115,0.0221503,-0.0000274,5,0
153.7522476,52.2000443,38.6335004,0.0221449,-0.0000271,5,0
153.9521855,52.1956176,38.8333893,0.0221395,-0.0000268,5,0
154.1521234,52.191192,39.0332782,0.0221342,-0.0000265,5,0
154.3520613,52.1867674,39.2331672,0.0221289,-0.0000262,5,0
154.5519992,52.1823439,39.4330561,0.0221237,-0.0000258,5,0
154.7519371,52.1779214,39.6329451,0.0221186,-0.0000255,5,0
154.951875,52.1734999,39.8328341,0.0221135,-0.0000252,5,0
155.1518129,52.1690794,40.0327231,0.0221085,-0.0000249,5,0
155.3517508,52.1646594,40.2326122,0.0221121,0.0000606,5,0
155.5516887,52.160235,40.4325011,0.022162,0.000439,5,0
155.7516266,52.1557927,40.6323897,0.022293,0.0008713,5,0
155.9515645,52.1513155,40.8322774,0.0225114,0.0013136,5,0
156.1515024,52.1467856,41.032164,0.0228212,0.0017856,5,0
156.3514403,52.1421843,41.232049,0.0232247,0.0022499,5,0
156.5513782,52.1374933,41.4319318,0.0237203,0.0027074,5,0
156.7513161,52.132694,41.6318121,0.0243073,0.0031649,5,0
156.951254,52.1277682,41.8316893,0.0249858,0.0036223,5,0
157.1511919,52.1226977,42.0315629,0.0257558,0.0040797,5,0
157.3511298,52.1174642,42.2314323,0.0266172,0.0045371,5,0
157.5510677,52.1120493,42.4312969,0.02757,0.0049945,5,0
157.7510056,52.1064349,42.6311559,0.0286143,0.0054519,5,0
157.9509435,52.1006026,42.8310087,0.0297501,0.0059093,5,0
158.1508814,52.0945342,43.0308545,0.0309773,0.0063668,5,0
158.3508193,52.0882114,43.2306924,0.032296,0.0068242,5,0
158.5507572,52.081616,43.4305215,0.0337062,0.0072817,5,0
158.7506952,52.0747296,43.6303407,0.0352078,0.0077392,5,0
158.9506331,52.067534,43.8301491,0.0368009,0.0081966,5,0
159.150571,52.060011,44.0299454,0.0384854,0.0086542,5,0
159.3505089,52.0521423,44.2297284,0.0402615,0.0091117,5,0
159.5504468,52.0439097,44.4294967,0.042129,0.0095693,5,0
159.7503847,52.0352949,44.6292489,0.044088,0.0100269,5,0
159.9503226,52.0262796,44.8289834,0.0461385,0.0104845,5,0
160.1502605,52.0168457,45.0286985,0.0482805,0.0109422,5,0
160.3501984,52.0069748,45.2283926,0.050514,0.0114,5,0
160.5501363,51.9966489,45.4280636,0.0528391,0.0118578,5,0
160.7500742,51.9858495,45.6277096,0.0552557,0.0123156,5,0
160.9500121,51.9745586,45.8273284,0.0577638,0.0127736,5,0
161.14995,51.962758,46.0269177,0.0603635,0.0132316,5,0
161.3498879,51.9504293,46.2264751,0.0630548,0.0136898,5,0
161.5498258,51.9375545,46.425998,0.0658377,0.014148,5,0
161.7497637,51.9241154,46.6254836,0.0687123,0.0146063,5,0
161.9497016,51.9100937,46.8249292,0.0716785,0.0150648,5,0
162.1496395,51.8954714,47.0243316,0.0747363,0.0155234,5,0
162.3495774,51.8802302,47.2236876,0.0778859,0.0159822,5,0
162.5495153,51.8643521,47.422994,0.0811272,0.0164411,5,0
162.7494532,51.8478189,47.622247,0.0844603,0.0169002,5,0
162.9493911,51.8306126,47.8214431,0.0878852,0.0173595,5,0
163.149329,51.812715,48.0205782,0.091402,0.017819,5,0
163.3492669,51.794108,48.2196483,0.0950106,0.0182787,5,0
163.5492048,51.7747736,48.4186491,0.0987112,0.0187387,5,0
163.7491427,51.7546939,48.617576,0.1025038,0.0191989,5,0
163.9490806,51.7338506,48.8164244,0.1063884,0.0196595,5,0
164.1490185,51.7122259,49.0151893,0.1103651,0.0201203,5,0
164.3489564,51.6898018,49.2138656,0.114434,0.0205814,5,0
164.5488943,51.6665603,49.4124479,0.1185952,0.021043,5,0
164.7488322,51.6424836,49.6109307,0.1228486,0.0215048,5,0
164.9487702,51.6175537,49.8093081,0.1271945,0.0219671,5,0
165.1487081,51.5917527,50.0075741,0.1316328,0.0224298,5,0
165.348646,51.5650628,50.2057224,0.1361636,0.022893,5,0
165.5485839,51.5374663,50.4037465,0.1407871,0.0233566,5,0
165.7485218,51.5089454,50.6016395,0.1455034,0.0238207,5,0
165.9484597,51.4794822,50.7993944,0.1503125,0.0242854,5,0
166.1483976,51.4490592,50.9970039,0.1552146,0.0247507,5,0
166.3483355,51.4176587,51.1944605,0.1602098,0.0252166,5,0
166.5482734,51.385263,51.3917562,0.1652981,0.0256831,5,0
166.7482113,51.3518547,51.588883,0.1704798,0.0261503,5,0
166.9481492,51.3174162,51.7858324,0.175755,0.0266182,5,0
167.1480871,51.28193,51.9825957,0.1811239,0.0270868,5,0
167.348025,51.2453787,52.1791639,0.1865865,0.0275563,5,0
167.5479629,51.207745,52.3755278,0.192143,0.0280266,5,0
167.7479008,51.1690115,52.5716776,0.1977937,0.0284977,5,0
167.9478387,51.129161,52.7676036,0.2035386,0.0289698,5,0
168.1477766,51.0881764,52.9632955,0.2093781,0.0294429,5,0
168.3477145,51.0460405,53.1587427,0.2153122,0.029917,5,0
168.5476524,51.0027363,53.3539344,0.2213412,0.0303922,5,0
168.7475903,50.9582468,53.5488593,0.2274654,0.0308685,5,0
168.9475282,50.9125552,53.743506,0.2336848,0.0313459,5,0
169.1474661,50.8656445,53.9378624,0.2399999,0.0318246,5,0
169.347404,50.8174981,54.1319164,0.2464108,0.0323046,5,0
169.5473419,50.7680993,54.3256554,0.2529178,0.0327859,5,0
169.7472798,50.7174317,54.5190663,0.2595212,0.0332686,5,0
169.9472177,50.6654786,54.712136,0.2662212,0.0337528,5,0
170.1471556,50.6122238,54.9048507,0.2730182,0.0342386,5,0
170.3470935,50.5576511,55.0971962,0.2799125,0.0347259,5,0
170.5470314,50.5017442,55.2891583,0.2869044,0.035215,5,0
170.7469693,50.4444871,55.4807219,0.2939942,0.0357057,5,0
170.9469072,50.3858639,55.6718719,0.3011824,0.0361983,5,0
171.1468452,50.3258588,55.8625926,0.3084692,0.0366928,5,0
171.3467831,50.2644562,56.0528679,0.3158551,0.0371892,5,0
171.546721,50.2016405,56.2426814,0.3233404,0.0376878,5,0
171.7466589,50.1373963,56.4320162,0.3309256,0.0381884,5,0
171.9465968,50.0717084,56.6208549,0.3386112,0.0386913,5,0
172.1465347,50.0045616,56.8091798,0.3463975,0.0391965,5,0
172.3464726,49.935941,56.9969727,0.3542851,0.0397041,5,0
172.5464105,49.8658318,57.184215,0.3622744,0.0402141,5,0
172.7463484,49.7942194,57.3708874,0.3703659,0.0407268,5,0
172.9462863,49.7210893,57.5569706,0.3785602,0.0412422,5,0
173.1462242,49.6464273,57.7424444,0.3868579,0.0417604,5,0
173.3461621,49.5702194,57.9272883,0.3952594,0.0422815,5,0
173.5461,49.4924515,58.1114814,0.4037654,0.0428056,5,0
173.7460379,49.4131101,58.2950021,0.4123765,0.0433329,5,0
173.9459758,49.3321817,58.4778285,0.4210934,0.0438634,5,0
174.1459137,49.2496531,58.6599382,0.4299167,0.0443973,5,0
174.3458516,49.1655112,58.8413081,0.438847,0.0449346,5,0
174.5457895,49.0797432,59.0219147,0.4478852,0.0454756,5,0
174.7457274,48.9923367,59.2017341,0.4570319,0.0460204,5,0
174.9456653,48.9032794,59.3807415,0.4662879,0.046569,5,0
175.1456032,48.8125592,59.558912,0.475654,0.0471217,5,0
175.3455411,48.7201644,59.7362198,0.485131,0.0476785,5,0
175.545479,48.6260836,59.9126389,0.4947197,0.0482397,5,0
175.7454169,48.5303057,60.0881422,0.5044212,0.0488054,5,0
175.9453548,48.4328198,60.2627027,0.5142361,0.0493757,5,0
176.1452927,48.3336153,60.4362922,0.5241656,0.0499508,5,0
176.3452306,48.2326823,60.6088823,0.5342106,0.0505308,5,0
176.5451685,48.1300107,60.7804438,0.544372,0.0511162,5,0
176.7451064,48.0255913,60.9509473,0.5546466,0.0516623,5,0
176.9450443,47.9194175,61.1203637,0.5650114,0.0520185,5,0
177.1449822,47.8114897,61.2886682,0.5754073,0.0519742,5,0
177.3449202,47.7018194,61.4558425,0.5857846,0.0518322,5,0
177.5448581,47.5904225,61.6218712,0.5961345,0.0516995,5,0
177.744796,47.4773154,61.7867396,0.6064595,0.0515833,5,0
177.9447339,47.3625138,61.9504326,0.6167617,0.0514723,5,0
178.1446718,47.2460338,62.1129356,0.6270424,0.051367,5,0
178.3446097,47.127891,62.2742338,0.6373025,0.051267,5,0
178.5445476,47.0081011,62.4343125,0.6475432,0.0511724,5,0
178.7444855,46.8866796,62.5931572,0.6577655,0.0510832,5,0
178.9444234,46.7636421,62.7507535,0.6679705,0.0509993,5,0
179.1443613,46.6390041,62.9070871,0.6781592,0.0509208,5,0
179.3442992,46.5127809,63.0621436,0.6883328,0.0508475,5,0
179.5442371,46.3849879,63.2159089,0.6984923,0.0507795,5,0
179.744175,46.2556403,63.3683688,0.7086387,0.0507167,5,0
179.9441129,46.1247535,63.5195094,0.718773,0.0506592,5,0
180.1440508,45.9923425,63.6693164,0.7288964,0.0506068,5,0
180.3439887,45.8584225,63.817776,0.7390098,0.0505596,5,0
180.5439266,45.7230086,63.9648743,0.7491143,0.0505177,5,0
180.7438645,45.5861159,64.1105974,0.7592109,0.0504808,5,0
180.9438024,45.4477594,64.2549314,0.7693007,0.0504491,5,0
181.1437403,45.3079541,64.3978625,0.7793846,0.0504225,5,0
181.3436782,45.1667149,64.5393769,0.7894638,0.0504011,5,0
181.5436161,45.0240569,64.6794609,0.7995392,0.0503847,5,0
181.743554,44.879995,64.8181007,0.8096118,0.0503735,5,0
181.9434919,44.734544,64.9552825,0.8196827,0.0503674,5,0
182.1434298,44.587719,65.0909926,0.8297528,0.0503664,5,0
182.3433677,44.4395348,65.2252173,0.8398233,0.0503705,5,0
182.5433056,44.2900063,65.3579429,0.8498951,0.0503798,5,0
182.7432435,44.1391486,65.4891556,0.8599693,0.0503941,5,0
182.9431814,43.9869764,65.6188416,0.8700468,0.0504135,5,0
183.1431193,43.8335048,65.7469872,0.8801288,0.0504381,5,0
183.3430572,43.6787488,65.8735786,0.8902162,0.0504678,5,0
183.5429952,43.5227232,65.9986021,0.90031,0.0505026,5,0
183.7429331,43.3654433,66.1220437,0.9104113,0.0505426,5,0
183.942871,43.2069239,66.2438897,0.9205211,0.0505877,5,0
184.1428089,43.0471803,66.3641261,0.9306404,0.0506381,5,0
184.3427468,42.8862275,66.482739,0.9407704,0.0506936,5,0
184.5426847,42.7240808,66.5997145,0.9509119,0.0507543,5,0
184.7426226,42.5607554,66.7150386,0.9610661,0.0508202,5,0
184.9425605,42.3962667,66.8286972,0.971234,0.0508914,5,0
185.1424984,42.23063,66.9406763,0.9814167,0.0509679,5,0
185.3424363,42.0638608,67.0509617,0.9916152,0.0510498,5,0
185.5423742,41.8959747,67.1595391,1.0018306,0.0511366,5,0
185.7423121,41.7269872,67.2663944,1.0120645,0.0512349,5,0
185.94225,41.5569139,67.3715129,1.0223192,0.0513446,5,0
186.1421879,41.385771,67.4748807,1.0325836,0.0513323,5,0
186.3421258,41.2135777,67.5764892,1.0428014,0.0508782,5,0
186.5420637,41.0403599,67.6763412,1.0529221,0.0503609,5,0
186.7420016,40.8661455,67.7744441,1.0629395,0.0498455,5,0
186.9419395,40.690962,67.8708058,1.0728545,0.0493354,5,0
187.1418774,40.5148365,67.9654349,1.0826678,0.0488299,5,0
187.3418153,40.3377956,68.05834,1.0923807,0.0483291,5,0
187.5417532,40.1598652,68.1495301,1.1019938,0.0478327,5,0
187.7416911,39.9810708,68.2390144,1.1115081,0.0473407,5,0
187.941629,39.8014375,68.3268024,1.1209244,0.0468528,5,0
188.1415669,39.6209896,68.4129038,1.1302437,0.0463691,5,0
188.3415048,39.4397513,68.4973285,1.1394666,0.0458893,5,0
188.5414427,39.2577459,68.5800869,1.1485939,0.0454133,5,0
188.7413806,39.0749967,68.6611893,1.1576265,0.0449411,5,0
188.9413185,38.891526,68.7406464,1.166565,0.0444724,5,0
189.1412564,38.7073561,68.818469,1.1754102,0.0440073,5,0
189.3411943,38.5225086,68.8946681,1.1841627,0.0435455,5,0
189.5411322,38.3370047,68.969255,1.1928232,0.043087,5,0
189.7410702,38.1508651,69.0422411,1.2013923,0.0426316,5,0
189.9410081,37.9641101,69.113638,1.2098707,0.0421793,5,0
190.140946,37.7767597,69.1834573,1.218259,0.04173,5,0
190.3408839,37.5888332,69.2517111,1.2265578,0.0412836,5,0
190.5408218,37.4003498,69.3184115,1.2347675,0.04084,5,0
190.7407597,37.211328,69.3835705,1.2428889,0.0403991,5,0
190.9406976,37.021786,69.4472007,1.2509223,0.0399607,5,0
191.1406355,36.8317417,69.5093144,1.2588684,0.039525,5,0
191.3405734,36.6412125,69.5699245,1.2667276,0.0390916,5,0
191.5405113,36.4502153,69.6290435,1.2745003,0.0386606,5,0
191.7404492,36.2587669,69.6866844,1.2821872,0.038232,5,0
191.9403871,36.0668835,69.7428601,1.2897885,0.0378055,5,0
192.140325,35.8745809,69.7975839,1.2973048,0.0373812,5,0
192.3402629,35.6818747,69.850869,1.3047365,0.036959,5,0
192.5402008,35.4887799,69.9027285,1.3120839,0.0365387,5,0
192.7401387,35.2953115,69.9531761,1.3193476,0.0361204,5,0
192.9400766,35.1014838,70.0022251,1.3265277,0.035704,5,0
193.1400145,34.9073109,70.0498893,1.3336248,0.0352894,5,0
193.3399524,34.7128064,70.0961822,1.3406392,0.0348765,5,0
193.5398903,34.5179839,70.1411177,1.3475712,0.0344653,5,0
193.7398282,34.3228564,70.1847097,1.3544212,0.0340557,5,0
193.9397661,34.1274366,70.226972,1.3611894,0.0336478,5,0
194.139704,33.9317369,70.2679187,1.3678762,0.0332413,5,0
194.3396419,33.7357693,70.3075638,1.3744819,0.0328363,5,0
194.5395798,33.5395457,70.3459216,1.3810067,0.0324327,5,0
194.7395177,33.3430775,70.3830061,1.387451,0.0320304,5,0
194.9394556,33.1463757,70.4188316,1.393815,0.0316295,5,0
195.1393935,32.9494514,70.4534125,1.400099,0.0312299,5,0
195.3393314,32.752315,70.4867631,1.4063032,0.0308314,5,0
195.5392693,32.5549767,70.5188979,1.4124278,0.0304341,5,0
195.7392072,32.3574465,70.5498313,1.4184731,0.030038,5,0
195.9391452,32.1597341,70.5795779,1.4244393,0.0296429,5,0
196.1390831,31.9618489,70.6081521,1.4303267,0.0292489,5,0
196.339021,31.7637999,70.6355686,1.4361353,0.0288559,5,0
196.5389589,31.5655961,70.6618421,1.4418655,0.0284639,5,0
196.7388968,31.3672459,70.6869871,1.4475174,0.0280728,5,0
196.9388347,31.1687578,70.7110185,1.4530912,0.0276825,5,0
197.1387726,30.9701396,70.7339508,1.4585871,0.0272932,5,0
197.3387105,30.7713993,70.7557991,1.4640051,0.0269046,5,0
197.5386484,30.5725443,70.7765779,1.4693456,0.0265168,5,0
197.7385863,30.3735819,70.7963021,1.4746086,0.0261298,5,0
197.9385242,30.1745192,70.8149867,1.4797943,0.0257436,5,0
198.1384621,29.9753629,70.8326464,1.4849029,0.025358,5,0
198.3384,29.7761197,70.8492961,1.4899344,0.024973,5,0
198.5383379,29.5767958,70.8649509,1.4948891,0.0245888,5,0
198.7382758,29.3773974,70.8796255,1.4997669,0.0242051,5,0
198.9382137,29.1779302,70.8933349,1.5045681,0.023822,5,0
199.1381516,28.9784,70.9060941,1.5092928,0.0234394,5,0
199.3380895,28.7788122,70.9179182,1.513941,0.0230574,5,0
199.5380274,28.5791721,70.928822,1.5185129,0.0226759,5,0
199.7379653,28.3794845,70.9388205,1.5230086,0.0222949,5,0
199.9379032,28.1797543,70.9479289,1.5274281,0.0219143,5,0
200.1378411,27.9799862,70.956162,1.5317716,0.0215342,5,0
200.337779,27.7801844,70.9635349,1.5360392,0.0211545,5,0
200.5377169,27.5803532,70.9700627,1.5402308,0.0207752,5,0
200.7376548,27.3804967,70.9757604,1.5443467,0.0203963,5,0
200.9375927,27.1806185,70.9806431,1.5483868,0.0200177,5,0
201.1375306,26.9807224,70.9847257,1.5523513,0.0196395,5,0
201.3374685,26.7808119,70.9880234,1.5562402,0.0192616,5,0
201.5374064,26.5808901,70.9905512,1.5600536,0.018884,5,0
201.7373443,26.3809601,70.9923241,1.5637914,0.0185067,5,0
201.9372822,26.181025,70.9933573,1.5674539,0.0181296,5,0
202.1372202,25.9810875,70.9936657,1.5710411,0.0177529,5,0
202.3371581,25.7811501,70.9932644,1.5745529,0.0173763,5,0
202.537096,25.5812153,70.9921685,1.5779895,0.017,5,0
202.7370339,25.3812853,70.9903931,1.5813508,0.016624,5,0
202.9369718,25.1813624,70.9879532,1.584637,0.0162481,5,0
203.1369097,24.9814485,70.9848638,1.587848,0.0158726,5,0
203.3368476,24.7815453,70.9811388,1.5910005,0.0156632,5,0
203.5367855,24.5816549,70.9767846,1.5941617,0.0159589,5,0
203.7367234,24.3817795,70.9717922,1.5973874,0.0163081,5,0
203.9366613,24.1819213,70.9661481,1.6006827,0.016655,5,0
204.1365992,23.9820831,70.9598385,1.6040473,0.0170024,5,0
204.3365371,23.7822675,70.9528497,1.6074815,0.0173498,5,0
204.536475,23.5824773,70.9451677,1.6109851,0.0176976,5,0
204.7364129,23.3827156,70.9367789,1.6145583,0.0180454,5,0
204.9363508,23.1829854,70.9276693,1.6182011,0.0183936,5,0
205.1362887,22.9832901,70.9178253,1.6219135,0.0187419,5,0
205.3362266,22.7836331,70.9072331,1.6256955,0.0190905,5,0
205.5361645,22.584018,70.8958789,1.6295473,0.0194393,5,0
205.7361024,22.3844485,70.883749,1.6334689,0.0197884,5,0
205.9360403,22.1849286,70.8708295,1.6374602,0.0201378,5,0
206.1359782,21.9854623,70.8571068,1.6415215,0.0204875,5,0
206.3359161,21.7860539,70.8425672,1.6456527,0.0208375,5,0
206.535854,21.5867078,70.827197,1.6498539,0.0211879,5,0
206.7357919,21.3874286,70.8109824,1.6541253,0.0215386,5,0
206.9357298,21.1882211,70.7939097,1.6584667,0.0218897,5,0
207.1356677,20.9890902,70.7759654,1.6628785,0.0222413,5,0
207.3356056,20.7900411,70.7571358,1.6673605,0.0225932,5,0
207.5355435,20.5910791,70.7374072,1.671913,0.0229456,5,0
207.7354814,20.3922097,70.716766,1.6765359,0.0232984,5,0
207.9354193,20.1934387,70.6951987,1.6812295,0.0236518,5,0
208.1353572,19.9947718,70.6726917,1.6859937,0.0240056,5,0
208.3352952,19.7962153,70.6492314,1.6908288,0.02436,5,0
208.5352331,19.5977753,70.6248043,1.6957347,0.024715,5,0
208.735171,19.3994585,70.5993969,1.7007117,0.0250705,5,0
208.9351089,19.2012716,70.5729958,1.7057599,0.0254267,5,0
209.1350468,19.0032215,70.5455875,1.7108793,0.0257835,5,0
209.3349847,18.8053152,70.5171586,1.7160701,0.026141,5,0
209.5349226,18.6075603,70.4876957,1.7213325,0.0264991,5,0
209.7348605,18.4099643,70.4571854,1.7266665,0.0268581,5,0
209.9347984,18.2125349,70.4256146,1.7320724,0.0272178,5,0
210.1347363,18.0152803,70.3929698,1.7375503,0.0275782,5,0
210.3346742,17.8182087,70.3592379,1.7431003,0.0279395,5,0
210.5346121,17.6213286,70.3244056,1.7487227,0.0283017,5,0
210.73455,17.4246487,70.2884599,1.7544176,0.0286648,5,0
210.9344879,17.2281781,70.2513875,1.7601851,0.0290288,5,0
211.1344258,17.031926,70.2131755,1.7660255,0.0293938,5,0
211.3343637,16.8359019,70.1738107,1.7719391,0.0297598,5,0
211.5343016,16.6401154,70.1332803,1.7779258,0.0301268,5,0
211.7342395,16.4445767,70.0915713,1.7839861,0.030495,5,0
211.9341774,16.2492959,70.0486709,1.7901201,0.0308642,5,0
212.1341153,16.0542835,70.0045662,1.7963281,0.0312347,5,0
212.3340532,15.8595504,69.9592445,1.8026102,0.0316063,5,0
212.5339911,15.6651076,69.9126932,1.8089667,0.0319792,5,0
212.733929,15.4709664,69.8648996,1.815398,0.0323535,5,0
212.9338669,15.2771385,69.8158512,1.8219042,0.032729,5,0
213.1338048,15.0836357,69.7655354,1.8284856,0.033106,5,0
213.3337427,14.8904701,69.71394,1.8351426,0.0334845,5,0
213.5336806,14.6976543,69.6610525,1.8418754,0.0338644,5,0
213.7336185,14.5052011,69.6068607,1.8486843,0.0342459,5,0
213.9335564,14.3131234,69.5513524,1.8555696,0.034629,5,0
214.1334943,14.1214346,69.4945156,1.8625317,0.0350138,5,0
214.3334322,13.9301484,69.4363383,1.8695709,0.0354003,5,0
214.5333702,13.7392788,69.3768085,1.8766875,0.0357886,5,0
214.7333081,13.5488401,69.3159145,1.883882,0.0361787,5,0
214.933246,13.3588468,69.2536446,1.8911546,0.0365707,5,0
215.1331839,13.1693139,69.1899871,1.8985058,0.0369647,5,0
215.3331218,12.9802567,69.1249306,1.905936,0.0373607,5,0
215.5330597,12.7916907,69.0584637,1.9134456,0.0377588,5,0
215.7329976,12.6036319,68.9905752,1.921035,0.0381591,5,0
215.9329355,12.4160965,68.9212539,1.9287046,0.0385616,5,0
216.1328734,12.2291011,68.8504887,1.936455,0.0389664,5,0
216.3328113,12.0426628,68.7782689,1.9442865,0.0393736,5,0
216.5327492,11.8567988,68.7045836,1.9521997,0.0397832,5,0
216.7326871,11.6715267,68.6294223,1.960195,0.0401954,5,0
216.932625,11.4868647,68.5527744,1.968273,0.0406101,5,0
217.1325629,11.3028312,68.4746297,1.9764342,0.0410276,5,0
217.3325008,11.1194448,68.3949781,1.9846791,0.0414479,5,0
217.5324387,10.9367248,68.3138094,1.9930084,0.041871,5,0
217.7323766,10.7546908,68.231114,2.0014225,0.042297,5,0
217.9323145,10.5733626,68.1468821,2.0099222,0.0427262,5,0
218.1322524,10.3927606,68.0611043,2.0185079,0.0431584,5,0
218.3321903,10.2129055,67.9737713,2.0271804,0.0435939,5,0
218.5321282,10.0338184,67.884874,2.0359403,0.0440327,5,0
218.7320661,9.8555209,67.7944035,2.0447882,0.0444749,5,0
218.932004,9.678035,67.7023511,2.0537249,0.0449207,5,0
219.1319419,9.5013829,67.6087084,2.0627512,0.0453702,5,0
219.3318798,9.3255876,67.5134672,2.0718676,0.0458233,5,0
219.5318177,9.1506723,67.4166193,2.0810751,0.0462804,5,0
219.7317556,8.9766606,67.3181571,2.0903743,0.0467414,5,0
219.9316935,8.8035767,67.218073,2.0997661,0.0472066,5,0
220.1316314,8.6314451,67.1163597,2.1092514,0.0476759,5,0
220.3315693,8.4602909,67.0130103,2.1188309,0.0481497,5,0
220.5315072,8.2901396,66.9080179,2.1285055,0.0486279,5,0
220.7314451,8.1210171,66.8013763,2.1382763,0.0491107,5,0
220.9313831,7.9529499,66.6930792,2.1481441,0.0495983,5,0
221.131321,7.785965,66.5831208,2.1581098,0.0500908,5,0
221.3312589,7.6200896,66.4714956,2.1681745,0.0505884,5,0
221.5311968,7.4553518,66.3581983,2.1783392,0.0510911,5,0
221.7311347,7.2917799,66.2432242,2.188605,0.0515992,5,0
221.9310726,7.1294028,66.1265687,2.1989729,0.0521129,5,0
222.1310105,6.9682501,66.0082277,2.209444,0.0526322,5,0
222.3309484,6.8083515,65.8881975,2.2200196,0.0531574,5,0
222.5308863,6.6497378,65.7664746,2.2307008,0.0536886,5,0
222.7308242,6.4924398,65.6430561,2.2414888,0.054226,5,0
222.9307621,6.3364891,65.5179395,2.2523849,0.0547698,5,0
223.1307,6.1819178,65.3911228,2.2633903,0.0553202,5,0
223.3306379,6.0287587,65.2626041,2.2745065,0.0558774,5,0
223.5305758,5.877045,65.1323824,2.2857348,0.0564416,5,0
223.7305137,5.7268105,65.000457,2.2970766,0.057013,5,0
223.9304516,5.5780895,64.8668276,2.3085334,0.0575919,5,0
224.1303895,5.4309171,64.7314947,2.3201068,0.0581784,5,0
224.3303274,5.2853289,64.594459,2.3317981,0.0587728,5,0
224.5302653,5.141361,64.455722,2.3436091,0.0593753,5,0
224.7302032,4.9990503,64.3152857,2.3555415,0.0599867,5,0
224.9301411,4.858433,64.1731538,2.3675735,0.0603726,5,0
225.130079,4.719538,64.0293384,2.3796094,0.060025,5,0
225.3300169,4.582378,63.8838674,2.3915555,0.0594746,5,0
225.5299548,4.4469573,63.7367759,2.4033897,0.0589048,5,0
225.7298927,4.3132783,63.5880996,2.4151106,0.0583427,5,0
225.9298306,4.1813426,63.4378741,2.42672,0.0577887,5,0
226.1297685,4.0511515,63.2861342,2.4382195,0.0572424,5,0
226.3297064,3.9227055,63.1329142,2.4496104,0.0567036,5,0
226.5296443,3.7960048,62.9782479,2.4608943,0.0561721,5,0
226.7295822,3.6710491,62.8221683,2.4720727,0.0556476,5,0
226.9295201,3.5478377,62.6647081,2.4831469,0.0551301,5,0
227.1294581,3.4263693,62.5058994,2.4941184,0.0546192,5,0
227.329396,3.3066425,62.3457737,2.5049883,0.0541149,5,0
227.5293339,3.1886551,62.1843619,2.515758,0.0536169,5,0
227.7292718,3.0724048,62.0216946,2.5264288,0.0531251,5,0
227.9292097,2.9578888,61.8578017,2.5370018,0.0526392,5,0
228.1291476,2.8451041,61.6927126,2.5474783,0.0521592,5,0
228.3290855,2.7340471,61.5264563,2.5578594,0.0516849,5,0
228.5290234,2.6247141,61.3590613,2.5681462,0.0512161,5,0
228.7289613,2.5171009,61.1905554,2.5783399,0.0507527,5,0
228.9288992,2.4112031,61.0209662,2.5884413,0.0502945,5,0
229.1288371,2.307016,60.8503207,2.5984517,0.0498414,5,0
229.328775,2.2045346,60.6786455,2.608372,0.0493932,5,0
229.5287129,2.1037536,60.5059665,2.6182032,0.0489499,5,0
229.7286508,2.0046673,60.3323095,2.6279462,0.0485112,5,0
229.9285887,1.90727,60.1576995,2.637602,0.0480772,5,0
230.1285266,1.8115556,59.9821615,2.6471695,0.0476288,5,0
230.3284645,1.7175167,59.8057202,2.6566419,0.0471252,5,0
230.5284024,1.6251443,59.6284006,2.6660131,0.0466166,5,0
230.7283403,1.5344287,59.4502278,2.675283,0.0461121,5,0
230.9282782,1.4453595,59.2712262,2.6844525,0.0456115,5,0
231.1282161,1.3579265,59.0914197,2.6935222,0.0451147,5,0
231.328154,1.2721188,58.910832,2.702493,0.0446215,5,0
231.5280919,1.1879257,58.7294858,2.7113655,0.044132,5,0
231.7280298,1.105336,58.5474038,2.7201405,0.0436458,5,0
231.9279677,1.0243383,58.3646081,2.7288187,0.043163,5,0
232.1279056,0.9449212,58.1811201,2.7374006,0.0426834,5,0
232.3278435,0.8670728,57.996961,2.7458869,0.0422069,5,0
232.5277814,0.7907812,57.8121516,2.7542783,0.0417334,5,0
232.7277193,0.7160344,57.626712,2.7625753,0.0412628,5,0
232.9276572,0.64282,57.440662,2.7707785,0.040795,5,0
233.1275951,0.5711255,57.2540211,2.7788884,0.04033,5,0
233.3275331,0.5009383,57.0668081,2.7869056,0.0398675,5,0
233.527471,0.4322455,56.8790416,2.7948307,0.0394076,5,0
233.7274089,0.3650344,56.6907396,2.802664,0.0389502,5,0
233.9273468,0.2992917,56.50192,2.810406,0.0384951,5,0
234.1272847,0.2350042,56.3125999,2.8180574,0.0380422,5,0
234.3272226,0.1721585,56.1227963,2.8256184,0.0375916,5,0
234.5271605,0.1107412,55.9325257,2.8330895,0.0371431,5,0
234.7270984,0.0507385,55.7418043,2.8404711,0.0366967,5,0
234.9270363,-0.0078632,55.5506477,2.8477637,0.0362522,5,0
235.1269742,-0.0650778,55.3590714,2.8549676,0.0358096,5,0
235.3269121,-0.1209194,55.1670904,2.8620832,0.0353689,5,0
235.52685,-0.1754019,54.9747193,2.8691109,0.0349299,5,0
235.7267879,-0.2285397,54.7819723,2.876051,0.0344927,5,0
235.9267258,-0.2803469,54.5888635,2.8829038,0.034057,5,0
236.1266637,-0.330838,54.3954064,2.8896697,0.033623,5,0
236.3266016,-0.3800275,54.2016142,2.8963489,0.0331905,5,0
236.5265395,-0.4279298,54.0074998,2.9029419,0.0327594,5,0
236.7264774,-0.4745598,53.8130759,2.9094487,0.0323298,5,0
236.9264153,-0.519932,53.6183545,2.9158698,0.0319015,5,0
237.1263532,-0.5640613,53.4233478,2.9222054,0.0314744,5,0
237.3262911,-0.6069625,53.2280672,2.9284558,0.0310487,5,0
237.526229,-0.6486507,53.032524,2.9346211,0.0306241,5,0
237.7261669,-0.6891408,52.8367292,2.9407017,0.0302007,5,0
237.9261048,-0.728448,52.6406935,2.9466977,0.0297784,5,0
238.1260427,-0.7665872,52.4444272,2.9526094,0.0293571,5,0
238.3259806,-0.8035738,52.2479405,2.958437,0.0289369,5,0
238.5259185,-0.839423,52.051243,2.9641806,0.0285176,5,0
238.7258564,-0.8741501,51.8543444,2.9698405,0.0280992,5,0
238.9257943,-0.9077705,51.6572537,2.9754169,0.0276817,5,0
239.1257322,-0.9402995,51.45998,2.9809099,0.0272651,5,0
239.3256701,-0.9717527,51.2625318,2.9863196,0.0268493,5,0
239.5256081,-1.0021455,51.0649177,2.9916463,0.0264343,5,0
239.725546,-1.0314934,50.8671456,2.9968901,0.02602,5,0
239.9254839,-1.059812,50.6692236,3.0020511,0.0256064,5,0
240.1254218,-1.087117,50.4711592,3.0071295,0.0251934,5,0
240.3253597,-1.1134239,50.2729597,3.0121254,0.0247812,5,0
240.5252976,-1.1387485,50.0746323,3.0170389,0.0243695,5,0
240.7252355,-1.1631065,49.8761839,3.0218702,0.0239584,5,0
240.9251734,-1.1865136,49.6776211,3.0266193,0.0235478,5,0
241.1251113,-1.2089856,49.4789502,3.0312864,0.0231378,5,0
241.3250492,-1.2305382,49.2801776,3.0358716,0.0227283,5,0
241.5249871,-1.2511874,49.081309,3.040375,0.0223192,5,0
241.724925,-1.270949,48.8823503,3.0447965,0.0219106,5,0
241.9248629,-1.2898387,48.6833068,3.0491365,0.0215024,5,0
242.1248008,-1.3078726,48.4841841,3.0533949,0.0210946,5,0
242.3247387,-1.3250665,48.284987,3.0575717,0.0206871,5,0
242.5246766,-1.3414363,48.0857205,3.0616672,0.0202801,5,0
242.7246145,-1.3569981,47.8863892,3.0656813,0.0198733,5,0
242.9245524,-1.3717676,47.6869977,3.0696141,0.0194669,5,0
243.1244903,-1.385761,47.4875502,3.0734656,0.0190608,5,0
243.3244282,-1.3989943,47.2880509,3.077236,0.0186549,5,0
243.5243661,-1.4114833,47.0885035,3.0809253,0.0182493,5,0
243.724304,-1.4232441,46.8889119,3.0845335,0.017844,5,0
243.9242419,-1.4342928,46.6892796,3.0880607,0.0174388,5,0
244.1241798,-1.4446454,46.48961,3.0915069,0.0170339,5,0
244.3241177,-1.4543179,46.2899063,3.0948721,0.0166292,5,0
244.5240556,-1.4633263,46.0901716,3.0981565,0.0162247,5,0
244.7239935,-1.4716868,45.8904086,3.10136,0.0158203,5,0
244.9239314,-1.4794154,45.6906202,3.1044827,0.0154161,5,0
245.1238693,-1.4865282,45.4908089,3.1075246,0.0150121,5,0
245.3238072,-1.4930412,45.2909772,3.1104857,0.0146081,5,0
245.5237451,-1.4989705,45.0911273,3.113366,0.0142043,5,0
245.7236831,-1.5043322,44.8912614,3.1161656,0.0138007,5,0
245.923621,-1.5091424,44.6913814,3.1188846,0.0133971,5,0
246.1235589,-1.5134172,44.4914893,3.1215228,0.0129936,5,0
246.3234968,-1.5171726,44.2915867,3.1240804,0.0125902,5,0
246.5234347,-1.5204249,44.0916753,3.1265573,0.0121869,5,0
246.7233726,-1.52319,43.8917566,3.1289537,0.0117837,5,0
246.9233105,-1.5254842,43.6918319,3.1312693,0.0113805,5,0
247.1232484,-1.5273234,43.4919025,3.1335044,0.0109774,5,0
247.3231863,-1.5287238,43.2919695,3.1356589,0.0105743,5,0
247.5231242,-1.5297015,43.092034,3.1377328,0.0101713,5,0
247.7230621,-1.5302726,42.892097,3.1397262,0.0097683,5,0
247.923,-1.5304532,42.6921592,-3.1415463,0.0093654,5,0
248.1229379,-1.5302594,42.4922214,-3.1397141,0.0089625,5,0
248.3228758,-1.5297074,42.2922843,-3.1379625,0.0085596,5,0
248.5228137,-1.5288132,42.0923484,-3.1362914,0.0081567,5,0
248.7227516,-1.5275929,41.8924143,-3.1347008,0.0077539,5,0
248.9226895,-1.5260627,41.6924822,-3.1331907,0.0073511,5,0
249.1226274,-1.5242386,41.4925527,-3.1317612,0.0069483,5,0
249.3225653,-1.5221368,41.2926258,-3.1304123,0.0065455,5,0
249.5225032,-1.5197733,41.0927019,-3.1291438,0.0061428,5,0
249.7224411,-1.5171643,40.892781,-3.1279559,0.00574,5,0
249.922379,-1.5143258,40.6928633,-3.1268486,0.0053373,5,0
250.1223169,-1.5112741,40.4929487,-3.1258217,0.0049345,5,0
250.3222548,-1.5080251,40.2930372,-3.1248754,0.0045318,5,0
250.5221927,-1.5045949,40.0931287,-3.1240096,0.004129,5,0
250.7221306,-1.5009997,39.8932231,-3.1232243,0.0037263,5,0
250.9220685,-1.4972556,39.6933203,-3.1225195,0.0033236,5,0
251.1220064,-1.4933787,39.49342,-3.1218953,0.0029208,5,0
251.3219443,-1.489385,39.293522,-3.1213515,0.0025181,5,0
251.5218822,-1.4852906,39.093626,-3.1208883,0.0021154,5,0
251.7218201,-1.4811118,38.8937318,-3.1205057,0.0017126,5,0
251.9217581,-1.4768645,38.693839,-3.1202035,0.0013099,5,0
252.121696,-1.4725646,38.4939473,-3.1199798,0.0009278,5,0
252.3216339,-1.4682272,38.2940565,-3.1198245,0.0006261,5,0
252.5215718,-1.4638642,38.0941662,-3.1197201,0.0004181,5,0
252.7215097,-1.4594842,37.8942763,-3.1196552,0.0002309,5,0
252.9214476,-1.4550951,37.6943866,-3.1196278,0.0000437,5,0
253.1213855,-1.450704,37.4944969,-3.1196339,-0.0001055,5,0
253.3213234,-1.4463162,37.2946071,-3.1196575,-0.0001298,5,0
253.5212613,-1.4419335,37.0947173,-3.1196835,-0.0001303,5,0
253.7211992,-1.437556,36.8948273,-3.1197096,-0.0001309,5,0
253.9211371,-1.4331837,36.6949372,-3.1197358,-0.0001314,5,0
254.121075,-1.4288166,36.495047,-3.1197621,-0.000132,5,0
254.3210129,-1.4244549,36.2951567,-3.1197886,-0.0001325,5,0
254.5209508,-1.4200984,36.0952662,-3.1198151,-0.0001331,5,0
254.7208887,-1.4157473,35.8953757,-3.1198418,-0.0001336,5,0
254.9208266,-1.4114015,35.695485,-3.1198686,-0.0001342,5,0
255.1207645,-1.407061,35.4955942,-3.1198955,-0.0001347,5,0
255.3207024,-1.402726,35.2957033,-3.1199225,-0.0001353,5,0
255.5206403,-1.3983963,35.0958123,-3.1199496,-0.0001358,5,0
255.7205782,-1.3940721,34.8959212,-3.1199768,-0.0001364,5,0
255.9205161,-1.3897533,34.6960299,-3.1200041,-0.0001369,5,0
256.120454,-1.38544,34.4961386,-3.1200315,-0.0001375,5,0
256.3203919,-1.3811322,34.2962471,-3.1200591,-0.000138,5,0
256.5203298,-1.37683,34.0963555,-3.1200867,-0.0001386,5,0
256.7202677,-1.3725332,33.8964637,-3.1201145,-0.0001389,5,0
256.9202056,-1.368242,33.6965719,-3.1201422,-0.0001383,5,0
257.1201435,-1.3639563,33.4966799,-3.1201698,-0.0001375,5,0
257.3200814,-1.3596762,33.2967878,-3.1201972,-0.0001368,5,0
257.5200193,-1.3554014,33.0968956,-3.1202244,-0.000136,5,0
257.7199572,-1.3511322,32.8970033,-3.1202516,-0.0001353,5,0
257.9198951,-1.3468683,32.6971109,-3.1202785,-0.0001345,5,0
258.1198331,-1.3426098,32.4972183,-3.1203054,-0.0001338,5,0
258.319771,-1.3383567,32.2973257,-3.120332,-0.000133,5,0
258.5197089,-1.3341088,32.0974329,-3.1203586,-0.0001323,5,0
258.7196468,-1.3298663,31.89754,-3.1203849,-0.0001315,5,0
258.9195847,-1.325629,31.697647,-3.1204111,-0.0001307,5,0
259.1195226,-1.3213969,31.4977539,-3.1204372,-0.00013,5,0
259.3194605,-1.3171701,31.2978607,-3.1204631,-0.0001292,5,0
259.5193984,-1.3129484,31.0979674,-3.1204889,-0.0001285,5,0
259.7193363,-1.3087318,30.8980739,-3.1205145,-0.0001277,5,0
259.9192742,-1.3045203,30.6981804,-3.1205399,-0.000127,5,0
260.1192121,-1.3003139,30.4982867,-3.1205653,-0.0001262,5,0
260.31915,-1.2961126,30.298393,-3.1205904,-0.0001255,5,0
260.5190879,-1.2919163,30.0984991,-3.1206154,-0.0001247,5,0
260.7190258,-1.2877249,29.8986051,-3.1206403,-0.0001239,5,0
260.9189637,-1.2835385,29.6987111,-3.120665,-0.0001232,5,0
261.1189016,-1.279357,29.4988169,-3.1206895,-0.0001224,5,0
261.3188395,-1.2751805,29.2989226,-3.1207139,-0.0001217,5,0
261.5187774,-1.2710087,29.0990282,-3.1207382,-0.0001209,5,0
261.7187153,-1.2668419,28.8991338,-3.1207623,-0.0001202,5,0
261.9186532,-1.2626798,28.6992392,-3.1207862,-0.0001194,5,0
262.1185911,-1.2585225,28.4993445,-3.12081,-0.0001187,5,0
262.318529,-1.2543699,28.2994497,-3.1208337,-0.0001179,5,0
262.5184669,-1.250222,28.0995549,-3.1208572,-0.0001171,5,0
262.7184048,-1.2460789,27.8996599,-3.1208805,-0.0001164,5,0
262.9183427,-1.2419403,27.6997648,-3.1209037,-0.0001156,5,0
263.1182806,-1.2378064,27.4998697,-3.1209268,-0.0001149,5,0
263.3182185,-1.2336771,27.2999744,-3.1209497,-0.0001141,5,0
263.5181564,-1.2295524,27.1000791,-3.1209724,-0.0001134,5,0
263.7180943,-1.2254322,26.9001836,-3.120995,-0.0001128,5,0
263.9180322,-1.2213165,26.7002881,-3.1210175,-0.0001124,5,0
264.1179701,-1.2172052,26.5003924,-3.1210399,-0.0001119,5,0
264.3179081,-1.2130985,26.3004967,-3.1210623,-0.0001114,5,0
264.517846,-1.2089962,26.1006009,-3.1210845,-0.0001109,5,0
264.7177839,-1.2048983,25.900705,-3.1211066,-0.0001104,5,0
264.9177218,-1.2008049,25.700809,-3.1211286,-0.0001099,5,0
265.1176597,-1.1967158,25.5009129,-3.1211505,-0.0001094,5,0
265.3175976,-1.1926311,25.3010167,-3.1211723,-0.0001087,5,0
265.5175355,-1.1885508,25.1011205,-3.121194,-0.0001077,5,0
265.7174734,-1.1844747,24.9012241,-3.1212154,-0.0001065,5,0
265.9174113,-1.180403,24.7013277,-3.1212365,-0.0001053,5,0
266.1173492,-1.1763354,24.5014312,-3.1212575,-0.0001041,5,0
266.3172871,-1.172272,24.3015346,-3.1212782,-0.0001029,5,0
266.517225,-1.1682126,24.1016379,-3.1212986,-0.0001018,5,0
266.7171629,-1.1641574,23.9017411,-3.1213189,-0.0001006,5,0
266.9171008,-1.1601062,23.7018442,-3.1213389,-0.0000994,5,0
267.1170387,-1.1560589,23.5019473,-3.1213586,-0.0000982,5,0
267.3169766,-1.1520156,23.3020503,-3.1213781,-0.0000971,5,0
267.5169145,-1.1479762,23.1021532,-3.1213974,-0.0000959,5,0
267.7168524,-1.1439406,22.902256,-3.1214165,-0.0000947,5,0
267.9167903,-1.1399087,22.7023588,-3.1214353,-0.0000935,5,0
268.1167282,-1.1358807,22.5024615,-3.1214539,-0.0000923,5,0
268.3166661,-1.1318563,22.3025641,-3.1214722,-0.0000912,5,0
268.516604,-1.1278355,22.1026666,-3.1214903,-0.00009,5,0
268.7165419,-1.1238184,21.9027691,-3.1215082,-0.0000888,5,0
268.9164798,-1.1198047,21.7028714,-3.1215258,-0.0000876,5,0
269.1164177,-1.1157946,21.5029738,-3.1215432,-0.0000865,5,0
269.3163556,-1.111788,21.303076,-3.1215604,-0.0000853,5,0
269.5162935,-1.1077848,21.1031782,-3.1215773,-0.0000841,5,0
269.7162314,-1.1037849,20.9032803,-3.121594,-0.0000829,5,0
269.9161693,-1.0997883,20.7033823,-3.1216105,-0.0000817,5,0
270.1161072,-1.095795,20.5034843,-3.1216267,-0.0000806,5,0
270.3160451,-1.0918049,20.3035862,-3.1216427,-0.0000794,5,0
270.5159831,-1.087818,20.1036881,-3.1216585,-0.0000782,5,0
270.715921,-1.0838342,19.9037899,-3.121674,-0.000077,5,0
270.9158589,-1.0798535,19.7038916,-3.1216893,-0.0000759,5,0
271.1157968,-1.0758759,19.5039933,-3.1217043,-0.0000747,5,0
271.3157347,-1.0719012,19.3040949,-3.1217191,-0.0000735,5,0
271.5156726,-1.0679294,19.1041964,-3.1217337,-0.0000723,5,0
271.7156105,-1.0639606,18.9042979,-3.121748,-0.0000711,5,0
271.9155484,-1.0599946,18.7043993,-3.1217622,-0.00007,5,0
272.1154863,-1.0560313,18.5045007,-3.121776,-0.0000688,5,0
272.3154242,-1.0520709,18.3046021,-3.1217897,-0.0000676,5,0
272.5153621,-1.0481131,18.1047033,-3.1218031,-0.0000664,5,0
272.7153,-1.044158,17.9048045,-3.1218162,-0.0000652,5,0
272.9152379,-1.0402055,17.7049057,-3.1218291,-0.0000641,5,0
273.1151758,-1.0362555,17.5050068,-3.1218418,-0.0000629,5,0
273.3151137,-1.0323081,17.3051079,-3.1218543,-0.0000617,5,0
273.5150516,-1.0283631,17.1052089,-3.1218665,-0.0000605,5,0
273.7149895,-1.0244206,16.9053099,-3.1218785,-0.0000594,5,0
273.9149274,-1.0204804,16.7054108,-3.1218903,-0.0000582,5,0
274.1148653,-1.0165426,16.5055117,-3.1219018,-0.000057,5,0
274.3148032,-1.012607,16.3056125,-3.121913,-0.0000558,5,0
274.5147411,-1.0086737,16.1057133,-3.1219241,-0.0000546,5,0
274.714679,-1.0047425,15.9058141,-3.1219349,-0.0000535,5,0
274.9146169,-1.0008135,15.7059148,-3.1219455,-0.0000523,5,0
275.1145548,-0.9968866,15.5060154,-3.1219558,-0.0000511,5,0
275.3144927,-0.9929617,15.3061161,-3.1219659,-0.0000499,5,0
275.5144306,-0.9890388,15.1062167,-3.1219758,-0.0000488,5,0
275.7143685,-0.9851179,14.9063172,-3.1219854,-0.0000476,5,0
275.9143064,-0.9811988,14.7064177,-3.1219948,-0.0000464,5,0
276.1142443,-0.9772816,14.5065182,-3.122004,-0.0000452,5,0
276.3141822,-0.9733663,14.3066186,-3.1220129,-0.000044,5,0
276.5141201,-0.9694527,14.106719,-3.1220216,-0.0000429,5,0
276.7140581,-0.9655408,13.9068194,-3.12203,-0.0000417,5,0
276.913996,-0.9616305,13.7069197,-3.1220382,-0.0000405,5,0
277.1139339,-0.9577219,13.50702,-3.1220462,-0.0000393,5,0
277.3138718,-0.9538149,13.3071203,-3.122054,-0.0000382,5,0
277.5138097,-0.9499093,13.1072206,-3.1220615,-0.000037,5,0
277.7137476,-0.9460053,12.9073208,-3.1220688,-0.0000358,5,0
277.9136855,-0.9421027,12.707421,-3.1220758,-0.0000346,5,0
278.1136234,-0.9382015,12.5075211,-3.1220826,-0.0000334,5,0
278.3135613,-0.9343016,12.3076213,-3.1220892,-0.0000323,5,0
278.5134992,-0.930403,12.1077214,-3.1220955,-0.0000311,5,0
278.7134371,-0.9265056,11.9078214,-3.1221016,-0.0000299,5,0
278.913375,-0.9226094,11.7079215,-3.1221075,-0.0000287,5,0
279.1133129,-0.9187144,11.5080216,-3.1221131,-0.0000276,5,0
279.3132508,-0.9148205,11.3081216,-3.1221185,-0.0000264,5,0
279.5131887,-0.9109276,11.1082216,-3.1221236,-0.0000252,5,0
279.7131266,-0.9070358,10.9083215,-3.1221286,-0.000024,5,0
279.9130645,-0.9031449,10.7084215,-3.1221332,-0.0000228,5,0
280.1130024,-0.8992549,10.5085214,-3.1221377,-0.0000217,5,0
280.3129403,-0.8953658,10.3086214,-3.1221419,-0.0000205,5,0
280.5128782,-0.8914775,10.1087213,-3.1221459,-0.0000193,5,0
280.7128161,-0.88759,9.9088212,-3.1221496,-0.0000181,5,0
280.912754,-0.8837032,9.7089211,-3.1221531,-0.000017,5,0
281.1126919,-0.8798171,9.5090209,-3.1221564,-0.0000158,5,0
281.3126298,-0.8759316,9.3091208,-3.1221594,-0.0000146,5,0
281.5125677,-0.8720467,9.1092206,-3.1221622,-0.0000134,5,0
281.7125056,-0.8681623,8.9093205,-3.1221648,-0.0000122,5,0
281.9124435,-0.8642784,8.7094203,-3.1221671,-0.0000111,5,0
282.1123814,-0.860395,8.5095201,-3.1221692,-0.0000099,5,0
282.3123193,-0.8565119,8.3096199,-3.1221711,-0.0000087,5,0
282.5122572,-0.8526292,8.1097197,-3.1221727,-0.0000075,5,0
282.7121951,-0.8487468,7.9098195,-3.1221741,-0.0000063,5,0
282.912133,-0.8448647,7.7099193,-3.1221752,-0.0000052,5,0
283.112071,-0.8409827,7.5100191,-3.1221762,-0.000004,5,0
283.3120089,-0.837101,7.3101189,-3.1221768,-0.0000028,5,0
283.5119468,-0.8332193,7.1102186,-3.1221773,-0.0000016,5,0
283.7118847,-0.8293377,6.9103184,-3.1221775,-0.0000005,5,0
283.9118226,-0.8254561,6.7104182,-3.1221775,0.0000007,5,0
284.1117605,-0.8215745,6.510518,-3.1221772,0.0000019,5,0
284.3116984,-0.8176928,6.3106178,-3.1221767,0.0000031,5,0
284.5116363,-0.813811,6.1107175,-3.122176,0.0000043,5,0
284.7115742,-0.809929,5.9108173,-3.122175,0.0000054,5,0
284.9115121,-0.8060468,5.7109171,-3.1221738,0.0000066,5,0
285.11145,-0.8021644,5.5110169,-3.1221724,0.0000078,5,0
285.3113879,-0.7982816,5.3111167,-3.1221707,0.000009,5,0
285.5113258,-0.7943985,5.1112165,-3.1221688,0.0000101,5,0
285.7112637,-0.7905149,4.9113163,-3.1221666,0.0000113,5,0
285.9112016,-0.786631,4.7114162,-3.1221642,0.0000125,5,0
286.1111395,-0.7827465,4.511516,-3.1221616,0.0000137,5,0
286.3110774,-0.7788614,4.3116158,-3.1221588,0.0000149,5,0
286.5110153,-0.7749758,4.1117157,-3.1221557,0.000016,5,0
286.7109532,-0.7710895,3.9118156,-3.1221524,0.0000172,5,0
286.9108911,-0.7672026,3.7119155,-3.1221488,0.0000184,5,0
287.110829,-0.7633149,3.5120153,-3.122145,0.0000196,5,0
287.3107669,-0.7594264,3.3121153,-3.122141,0.0000207,5,0
287.5107048,-0.7555371,3.1122152,-3.1221367,0.0000219,5,0
287.7106427,-0.7516469,2.9123151,-3.1221322,0.0000231,5,0
287.9105806,-0.7477558,2.7124151,-3.1221275,0.0000243,5,0
288.1105185,-0.7438637,2.5125151,-3.1221225,0.0000255,5,0
288.3104564,-0.7399707,2.3126151,-3.1221173,0.0000266,5,0
288.5103943,-0.7360765,2.1127151,-3.1221119,0.0000278,5,0
288.7103322,-0.7321812,1.9128152,-3.1221062,0.000029,5,0
288.9102701,-0.7282848,1.7129152,-3.1221003,0.0000302,5,0
289.110208,-0.7243872,1.5130153,-3.1220941,0.0000313,5,0
289.310146,-0.7204883,1.3131154,-3.1220877,0.0000325,5,0
289.5100839,-0.7165881,1.1132156,-3.1220811,0.0000337,5,0
289.7100218,-0.7126866,0.9133157,-3.1220742,0.0000349,5,0
289.9099597,-0.7087836,0.7134159,-3.1220672,0.0000361,5,0
290.1098976,-0.7048793,0.5135162,-3.1220598,0.0000372,5,0
290.3098355,-0.7009734,0.3136164,-3.1220523,0.0000384,5,0
