# 4f4aedfd-2b93-4ca4-ba38-66dafd819454,,,,,,
# e9a19b38e509a0346497c558d966096436d47c65,,,,,,
# s_m, x_m, y_m, psi_rad, kappa_radpm, vx_mps, ax_mps2
0,-0.2335962,0.3193263,-3.1233312,0.0000068,5,0
0.1999936,-0.2299441,0.1193661,-3.1233297,0.0000087,5,0
0.3999871,-0.2262916,-0.0805941,-3.1233277,0.0000106,5,0
0.5999807,-0.2226387,-0.2805543,-3.1233254,0.0000125,5,0
0.7999743,-0.2189854,-0.4805145,-3.1233228,0.0000144,5,0
0.9999678,-0.2153314,-0.6804747,-3.1233197,0.0000163,5,0
1.1999614,-0.2116768,-0.8804349,-3.1233162,0.0000182,5,0
1.399955,-0.2080214,-1.080395,-3.1233124,0.0000201,5,0
1.5999486,-0.2043653,-1.2803552,-3.1233082,0.000022,5,0
1.7999421,-0.2007083,-1.4803153,-3.1233036,0.0000239,5,0
1.9999357,-0.1970503,-1.6802754,-3.1232986,0.0000258,5,0
2.1999293,-0.1933913,-1.8802355,-3.1232933,0.0000277,5,0
2.3999228,-0.1897312,-2.0801956,-3.1232875,0.0000296,5,0
2.5999164,-0.1860699,-2.2801557,-3.1232814,0.0000315,5,0
2.79991,-0.1824073,-2.4801157,-3.1232749,0.0000334,5,0
2.9999035,-0.1787434,-2.6800757,-3.1232681,0.0000353,5,0
3.1998971,-0.1750781,-2.8800357,-3.1232608,0.0000372,5,0
3.3998907,-0.1714113,-3.0799956,-3.1232532,0.0000391,5,0
3.5998842,-0.1677429,-3.2799555,-3.1232451,0.000041,5,0
3.7998778,-0.1640729,-3.4799154,-3.1232367,0.000043,5,0
3.9998714,-0.1604012,-3.6798753,-3.123228,0.0000449,5,0
4.199865,-0.1567276,-3.8798351,-3.1232188,0.0000468,5,0
4.3998585,-0.1530523,-4.0797949,-3.1232093,0.0000487,5,0
4.5998521,-0.1493749,-4.2797547,-3.1231993,0.0000506,5,0
4.7998457,-0.1456956,-4.4797144,-3.123189,0.0000525,5,0
4.9998392,-0.1420141,-4.6796741,-3.1231784,0.0000544,5,0
5.1998328,-0.1383305,-4.8796337,-3.1231673,0.0000563,5,0
5.3998264,-0.1346446,-5.0795933,-3.1231558,0.0000582,5,0
5.5998199,-0.1309564,-5.2795529,-3.123144,0.0000601,5,0
5.7998135,-0.1272658,-5.4795124,-3.1231318,0.000062,5,0
5.9998071,-0.1235727,-5.6794719,-3.1231192,0.0000639,5,0
6.1998006,-0.119877,-5.8794313,-3.1231062,0.0000658,5,0
6.3997942,-0.1161787,-6.0793906,-3.1230929,0.0000677,5,0
6.5997878,-0.1124777,-6.27935,-3.1230792,0.0000696,5,0
6.7997813,-0.108774,-6.4793092,-3.123065,0.0000715,5,0
6.9997749,-0.1050673,-6.6792685,-3.1230506,0.0000734,5,0
7.1997685,-0.1013578,-6.8792276,-3.1230357,0.0000753,5,0
7.3997621,-0.0976452,-7.0791867,-3.1230204,0.0000772,5,0
7.5997556,-0.0939295,-7.2791458,-3.1230048,0.0000791,5,0
7.7997492,-0.0902107,-7.4791048,-3.1229888,0.000081,5,0
7.9997428,-0.0864886,-7.6790637,-3.1229724,0.0000829,5,0
8.1997363,-0.0827632,-7.8790226,-3.1229556,0.0000849,5,0
8.3997299,-0.0790344,-8.0789814,-3.1229384,0.0000868,5,0
8.5997235,-0.0753022,-8.2789401,-3.1229209,0.0000887,5,0
8.799717,-0.0715664,-8.4788988,-3.122903,0.0000906,5,0
8.9997106,-0.0678269,-8.6788574,-3.1228847,0.0000925,5,0
9.1997042,-0.0640838,-8.8788159,-3.122866,0.0000944,5,0
9.3996977,-0.0603369,-9.0787744,-3.1228469,0.0000963,5,0
9.5996913,-0.0565862,-9.2787328,-3.1228275,0.0000982,5,0
9.7996849,-0.0528315,-9.4786911,-3.1228076,0.0001001,5,0
9.9996785,-0.0490728,-9.6786494,-3.1227874,0.000102,5,0
10.199672,-0.0453101,-9.8786075,-3.1227668,0.0001039,5,0
10.3996656,-0.0415432,-10.0785656,-3.1227459,0.0001058,5,0
10.5996592,-0.037772,-10.2785236,-3.1227245,0.0001077,5,0
10.7996527,-0.0339966,-10.4784816,-3.1227028,0.0001096,5,0
10.9996463,-0.0302168,-10.6784394,-3.1226807,0.0001115,5,0
11.1996399,-0.0264325,-10.8783972,-3.1226582,0.0001134,5,0
11.3996334,-0.0226436,-11.0783548,-3.1226353,0.0001153,5,0
11.599627,-0.0188502,-11.2783124,-3.1226121,0.0001172,5,0
11.7996206,-0.0150521,-11.4782699,-3.1225884,0.0001191,5,0
11.9996141,-0.0112492,-11.6782273,-3.1225644,0.000121,5,0
12.1996077,-0.0074415,-11.8781847,-3.12254,0.0001229,5,0
12.3996013,-0.0036288,-12.0781419,-3.1225152,0.0001248,5,0
12.5995949,0.0001888,-12.278099,-3.1224901,0.0001268,5,0
12.7995884,0.0040115,-12.478056,-3.1224645,0.0001287,5,0
12.999582,0.0078394,-12.678013,-3.1224386,0.0001306,5,0
13.1995756,0.0116724,-12.8779698,-3.1224123,0.0001325,5,0
13.3995691,0.0155108,-13.0779265,-3.1223856,0.0001344,5,0
13.5995627,0.0193546,-13.2778832,-3.1223586,0.0001363,5,0
13.7995563,0.0232037,-13.4778397,-3.1223311,0.0001382,5,0
13.9995498,0.0270585,-13.6777961,-3.1223033,0.0001401,5,0
14.1995434,0.0309188,-13.8777524,-3.1222751,0.000142,5,0
14.399537,0.0347848,-14.0777086,-3.1222465,0.0001439,5,0
14.5995305,0.0386565,-14.2776647,-3.1222175,0.0001458,5,0
14.7995241,0.0425347,-14.4776207,-3.1221794,0.0002356,5,0
14.9995177,0.0464249,-14.6775764,-3.1220842,0.0007166,5,0
15.1995113,0.0503453,-14.8775315,-3.1218688,0.001437,5,0
15.3995048,0.0543234,-15.0774855,-3.1215071,0.0021806,5,0
15.5994984,0.0583887,-15.2774378,-3.120997,0.0029202,5,0
15.799492,0.0625707,-15.4773876,-3.1203391,0.0036599,5,0
15.9994855,0.066899,-15.6773344,-3.1195331,0.0043995,5,0
16.1994791,0.0714033,-15.8772772,-3.1185793,0.0051391,5,0
16.3994727,0.0761131,-16.0772153,-3.1174776,0.0058788,5,0
16.5994662,0.081058,-16.2771477,-3.1162279,0.0066184,5,0
16.7994598,0.0862675,-16.4770734,-3.1148303,0.0073581,5,0
16.9994534,0.0917712,-16.6769912,-3.1132848,0.0080977,5,0
17.1994469,0.0975986,-16.8768998,-3.1115913,0.0088374,5,0
17.3994405,0.1037794,-17.0767978,-3.1097499,0.0095772,5,0
17.5994341,0.110343,-17.2766836,-3.1077605,0.010317,5,0
17.7994277,0.117319,-17.4765555,-3.1056232,0.0110568,5,0
17.9994212,0.124737,-17.6764114,-3.103338,0.0117967,5,0
18.1994148,0.1326265,-17.8762492,-3.1009047,0.0125366,5,0
18.3994084,0.141017,-18.0760666,-3.0983235,0.0132766,5,0
18.5994019,0.1499381,-18.2758611,-3.0955942,0.0140168,5,0
18.7993955,0.1594192,-18.4756297,-3.0927169,0.014757,5,0
18.9993891,0.1694898,-18.6753695,-3.0896916,0.0154974,5,0
19.1993826,0.1801794,-18.8750771,-3.0865182,0.016238,5,0
19.3993762,0.1915176,-19.0747489,-3.0831966,0.0169787,5,0
19.5993698,0.2035336,-19.2743811,-3.0797269,0.0177196,5,0
19.7993633,0.2162571,-19.4739694,-3.076109,0.0184608,5,0
19.9993569,0.2297174,-19.6735094,-3.0723428,0.0192022,5,0
20.1993505,0.2439438,-19.8729962,-3.0684283,0.0199439,5,0
20.399344,0.2589659,-20.0724247,-3.0643654,0.020686,5,0
20.5993376,0.2748128,-20.2717892,-3.0601541,0.0214284,5,0
20.7993312,0.291514,-20.4710841,-3.0557943,0.0221712,5,0
20.9993248,0.3090987,-20.6703029,-3.0512859,0.0229145,5,0
21.1993183,0.3275962,-20.869439,-3.0466288,0.0236583,5,0
21.3993119,0.3470357,-21.0684854,-3.0418229,0.0244026,5,0
21.5993055,0.3674464,-21.2674345,-3.036868,0.0251475,5,0
21.799299,0.3888574,-21.4662785,-3.0317642,0.025893,5,0
21.9992926,0.4112978,-21.6650088,-3.0265111,0.0266393,5,0
22.1992862,0.4347966,-21.8636168,-3.0211088,0.0273863,5,0
22.3992797,0.4593829,-22.0620931,-3.0155569,0.0281341,5,0
22.5992733,0.4850856,-22.2604279,-3.0098554,0.0288829,5,0
22.7992669,0.5119335,-22.4586109,-3.0040041,0.0296326,5,0
22.9992604,0.5399554,-22.6566313,-2.9980027,0.0303834,5,0
23.199254,0.56918,-22.8544778,-2.991851,0.0311354,5,0
23.3992476,0.5996361,-23.0521384,-2.9855488,0.0318885,5,0
23.5992412,0.6313521,-23.2496008,-2.9790959,0.032643,5,0
23.7992347,0.6643565,-23.4468519,-2.972492,0.0333988,5,0
23.9992283,0.6986777,-23.6438781,-2.9657367,0.0341562,5,0
24.1992219,0.734344,-23.8406653,-2.9588298,0.0349151,5,0
24.3992154,0.7713836,-24.0371985,-2.951771,0.0356758,5,0
24.599209,0.8098244,-24.2334625,-2.9445598,0.0364383,5,0
24.7992026,0.8496945,-24.4294412,-2.937196,0.0372027,5,0
24.9991961,0.8910216,-24.6251177,-2.9296791,0.0379692,5,0
25.1991897,0.9338334,-24.8204748,-2.9220086,0.0387379,5,0
25.3991833,0.9781574,-25.0154943,-2.9141842,0.039509,5,0
25.5991768,1.024021,-25.2101575,-2.9062054,0.0402824,5,0
25.7991704,1.0714513,-25.4044448,-2.8980716,0.0410585,5,0
25.999164,1.1204754,-25.5983361,-2.8897823,0.0418374,5,0
26.1991576,1.1711201,-25.7918104,-2.881337,0.0426192,5,0
26.3991511,1.223412,-25.984846,-2.872735,0.0434041,5,0
26.5991447,1.2773776,-26.1774204,-2.8639757,0.0441922,5,0
26.7991383,1.333043,-26.3695103,-2.8550584,0.0449838,5,0
26.9991318,1.3904343,-26.5610916,-2.8459825,0.045779,5,0
27.1991254,1.4495772,-26.7521394,-2.8367472,0.046578,5,0
27.399119,1.5104972,-26.9426279,-2.8273516,0.0473811,5,0
27.5991125,1.5732195,-27.1325306,-2.8177951,0.0481883,5,0
27.7991061,1.637769,-27.32182,-2.8080766,0.0490001,5,0
27.9990997,1.7041704,-27.5104677,-2.7981954,0.0498165,5,0
28.1990932,1.7724479,-27.6984445,-2.7881503,0.0506378,5,0
28.3990868,1.8426256,-27.8857202,-2.7779406,0.0514642,5,0
28.5990804,1.9147271,-28.0722636,-2.767565,0.0522961,5,0
28.799074,1.9887757,-28.2580427,-2.7570224,0.0531336,5,0
28.9990675,2.0647942,-28.4430244,-2.7463118,0.0539771,5,0
29.1990611,2.1428051,-28.6271747,-2.7354318,0.0548268,5,0
29.3990547,2.2228306,-28.8104585,-2.7243813,0.055683,5,0
29.5990482,2.304891,-28.9928402,-2.7131765,0.0563691,5,0
29.7990418,2.388998,-29.1742872,-2.7019051,0.0563499,5,0
29.9990354,2.4751432,-29.3547755,-2.6906581,0.0561247,5,0
30.1990289,2.5633087,-29.5342855,-2.6794564,0.0558973,5,0
30.3990225,2.6534755,-29.7127987,-2.6682995,0.0556769,5,0
30.5990161,2.7456245,-29.8902969,-2.6571859,0.0554635,5,0
30.7990096,2.8397366,-30.0667619,-2.6461143,0.0552569,5,0
30.9990032,2.9357931,-30.2421762,-2.6350834,0.0550571,5,0
31.1989968,3.0337753,-30.4165222,-2.6240917,0.054864,5,0
31.3989904,3.1336646,-30.5897826,-2.6131381,0.0546775,5,0
31.5989839,3.2354424,-30.7619404,-2.602221,0.0544975,5,0
31.7989775,3.3390906,-30.9329786,-2.5913393,0.054324,5,0
31.9989711,3.4445909,-31.1028807,-2.5804917,0.0541569,5,0
32.1989646,3.5519252,-31.2716302,-2.5696768,0.0539962,5,0
32.3989582,3.6610756,-31.4392108,-2.5588935,0.0538418,5,0
32.5989518,3.7720241,-31.6056063,-2.5481404,0.0536936,5,0
32.7989453,3.884753,-31.7708008,-2.5374163,0.0535517,5,0
32.9989389,3.9992447,-31.9347786,-2.52672,0.0534158,5,0
33.1989325,4.1154816,-32.0975239,-2.5160503,0.0532861,5,0
33.398926,4.2334462,-32.2590213,-2.5054059,0.0531624,5,0
33.5989196,4.3531212,-32.4192553,-2.4947856,0.0530448,5,0
33.7989132,4.4744893,-32.5782108,-2.4841882,0.0529331,5,0
33.9989067,4.5975334,-32.7358725,-2.4736126,0.0528273,5,0
34.1989003,4.7222362,-32.8922255,-2.4630576,0.0527275,5,0
34.3988939,4.8485809,-33.0472548,-2.4525219,0.0526335,5,0
34.5988875,4.9765505,-33.2009455,-2.4420045,0.0525453,5,0
34.798881,5.1061281,-33.353283,-2.4315041,0.052463,5,0
34.9988746,5.2372969,-33.5042525,-2.4210196,0.0523864,5,0
35.1988682,5.3700402,-33.6538396,-2.4105498,0.0523155,5,0
35.3988617,5.5043414,-33.8020296,-2.4000936,0.0522504,5,0
35.5988553,5.6401837,-33.9488081,-2.3896499,0.052191,5,0
35.7988489,5.7775506,-34.0941607,-2.3792175,0.0521373,5,0
35.9988424,5.9164257,-34.2380731,-2.3687953,0.0520892,5,0
36.198836,6.0567925,-34.3805309,-2.3583821,0.0520468,5,0
36.3988296,6.1986345,-34.52152,-2.3479769,0.0520101,5,0
36.5988231,6.3419353,-34.6610261,-2.3375784,0.0519789,5,0
36.7988167,6.4866786,-34.799035,-2.3271856,0.0519534,5,0
36.9988103,6.632848,-34.9355325,-2.3167973,0.0519335,5,0
37.1988039,6.7804273,-35.0705044,-2.3064125,0.0519191,5,0
37.3987974,6.9294,-35.2039368,-2.29603,0.0519104,5,0
37.598791,7.07975,-35.3358153,-2.2856486,0.0519073,5,0
37.7987846,7.2314609,-35.466126,-2.2752674,0.0519097,5,0
37.9987781,7.3845165,-35.5948547,-2.264885,0.0519178,5,0
38.1987717,7.5389004,-35.7219872,-2.2545005,0.0519315,5,0
38.3987653,7.6945964,-35.8475094,-2.2441127,0.0519507,5,0
38.5987588,7.8515881,-35.9714073,-2.2337205,0.0519756,5,0
38.7987524,8.0098592,-36.0936665,-2.2233228,0.052006,5,0
38.998746,8.1693933,-36.214273,-2.2129184,0.0520422,5,0
39.1987395,8.3301741,-36.3332126,-2.2025062,0.0520839,5,0
39.3987331,8.492185,-36.4504709,-2.1920852,0.0521313,5,0
39.5987267,8.6554097,-36.5660338,-2.181654,0.0521843,5,0
39.7987203,8.8198315,-36.6798869,-2.1712117,0.0522431,5,0
39.9987138,8.9854339,-36.7920158,-2.1607571,0.0523075,5,0
40.1987074,9.1522003,-36.9024063,-2.150289,0.0523777,5,0
40.398701,9.3201138,-37.0110438,-2.1398063,0.0524536,5,0
40.5986945,9.4891578,-37.1179138,-2.1293078,0.0525353,5,0
40.7986881,9.6593152,-37.2230019,-2.1187925,0.0526228,5,0
40.9986817,9.8305692,-37.3262934,-2.108259,0.0527161,5,0
41.1986752,10.0029026,-37.4277736,-2.0977063,0.0528153,5,0
41.3986688,10.1762984,-37.5274279,-2.0871332,0.0529204,5,0
41.5986624,10.3507391,-37.6252415,-2.0765384,0.0530314,5,0
41.7986559,10.5262074,-37.7211994,-2.0659209,0.0531484,5,0
41.9986495,10.7026857,-37.8152869,-2.0552793,0.0532714,5,0
42.1986431,10.8801564,-37.9074888,-2.0446126,0.0534004,5,0
42.3986367,11.0586017,-37.9977902,-2.0339195,0.0535355,5,0
42.5986302,11.2380036,-38.0861758,-2.0231987,0.0536768,5,0
42.7986238,11.4183439,-38.1726305,-2.012449,0.0538243,5,0
42.9986174,11.5996044,-38.2571389,-2.0016692,0.053978,5,0
43.1986109,11.7817666,-38.3396856,-1.9908581,0.054138,5,0
43.3986045,11.9648119,-38.4202552,-1.9800143,0.0543043,5,0
43.5985981,12.1487214,-38.4988321,-1.9691367,0.054477,5,0
43.7985916,12.3334761,-38.5754006,-1.9582238,0.0546563,5,0
43.9985852,12.5190567,-38.6499451,-1.9472744,0.054842,5,0
44.1985788,12.7054437,-38.7224496,-1.9362872,0.0550344,5,0
44.3985723,12.8926175,-38.7928983,-1.9252609,0.0552334,5,0
44.5985659,13.080558,-38.8612751,-1.9141941,0.0554392,5,0
44.7985595,13.2692446,-38.9275651,-1.9031041,0.0554656,5,0
44.9985531,13.4586534,-38.9917628,-1.8920839,0.0547407,5,0
45.1985466,13.6487532,-39.0538845,-1.88123,0.0538031,5,0
45.3985402,13.8395104,-39.1139571,-1.8705637,0.0528641,5,0
45.5985338,14.0308922,-39.1720096,-1.8600846,0.0519311,5,0
45.7985273,14.2228665,-39.2280714,-1.8497916,0.0510036,5,0
45.9985209,14.4154028,-39.282172,-1.8396835,0.0500815,5,0
46.1985145,14.6084713,-39.3343415,-1.8297593,0.0491643,5,0
46.398508,14.8020435,-39.3846101,-1.8200181,0.048252,5,0
46.5985016,14.9960917,-39.4330085,-1.8104588,0.0473441,5,0
46.7984952,15.1905895,-39.4795673,-1.8010808,0.0464404,5,0
46.9984887,15.3855115,-39.5243177,-1.791883,0.0455407,5,0
47.1984823,15.5808329,-39.567291,-1.7828648,0.0446449,5,0
47.3984759,15.7765302,-39.6085185,-1.7740254,0.0437525,5,0
47.5984694,15.9725809,-39.6480322,-1.7653641,0.0428635,5,0
47.798463,16.1689631,-39.6858637,-1.7568803,0.0419777,5,0
47.9984566,16.3656559,-39.7220453,-1.7485734,0.0410948,5,0
48.1984502,16.5626396,-39.7566091,-1.7404427,0.0402147,5,0
48.3984437,16.7598949,-39.7895875,-1.7324878,0.0393372,5,0
48.5984373,16.9574035,-39.821013,-1.7247082,0.0384622,5,0
48.7984309,17.155148,-39.8509184,-1.7171033,0.0375894,5,0
48.9984244,17.3531118,-39.8793363,-1.7096728,0.0367187,5,0
49.198418,17.551279,-39.9062998,-1.7024162,0.03585,5,0
49.3984116,17.7496344,-39.9318417,-1.6953331,0.0349831,5,0
49.5984051,17.9481637,-39.9559953,-1.6884233,0.034118,5,0
49.7983987,18.1468532,-39.9787937,-1.6816863,0.0332544,5,0
49.9983923,18.3456899,-40.0002701,-1.6751218,0.0323924,5,0
50.1983858,18.5446616,-40.020458,-1.6687297,0.0315316,5,0
50.3983794,18.7437567,-40.0393908,-1.6625095,0.0306722,5,0
50.598373,18.9429642,-40.0571019,-1.6564611,0.0298138,5,0
50.7983666,19.1422738,-40.0736249,-1.6505843,0.0289566,5,0
50.9983601,19.3416757,-40.0889934,-1.6448788,0.0281003,5,0
51.1983537,19.5411608,-40.103241,-1.6393445,0.0272449,5,0
51.3983473,19.7407207,-40.1164015,-1.6339811,0.0263903,5,0
51.5983408,19.9403472,-40.1285086,-1.6287886,0.0255365,5,0
51.7983344,20.140033,-40.139596,-1.6237668,0.0246833,5,0
51.998328,20.3397711,-40.1496975,-1.6189156,0.0238307,5,0
52.1983215,20.5395551,-40.1588469,-1.6142348,0.0229787,5,0
52.3983151,20.7393791,-40.1670781,-1.6097244,0.0221271,5,0
52.5983087,20.9392375,-40.174425,-1.6053842,0.021276,5,0
52.7983022,21.1391254,-40.1809214,-1.6012142,0.0204253,5,0
52.9982958,21.3390381,-40.1866012,-1.5972144,0.0195749,5,0
53.1982894,21.5389716,-40.1914983,-1.5933845,0.0187248,5,0
53.398283,21.738922,-40.1956467,-1.5897247,0.017875,5,0
53.5982765,21.938886,-40.1990803,-1.5862347,0.0170254,5,0
53.7982701,22.1388606,-40.201833,-1.5829147,0.016176,5,0
53.9982637,22.338843,-40.2039387,-1.5797645,0.0153268,5,0
54.1982572,22.5388309,-40.2054314,-1.5767842,0.0144777,5,0
54.3982508,22.7388223,-40.2063451,-1.5739736,0.0136287,5,0
54.5982444,22.9388155,-40.2067136,-1.5713329,0.0127799,5,0
54.7982379,23.138809,-40.206571,-1.5688619,0.0119311,5,0
54.9982315,23.3388015,-40.2059511,-1.5665606,0.0110824,5,0
55.1982251,23.5387922,-40.2048881,-1.564429,0.0102338,5,0
55.3982186,23.7387803,-40.2034156,-1.5624672,0.0093852,5,0
55.5982122,23.9387653,-40.2015679,-1.5606751,0.0085366,5,0
55.7982058,24.1387469,-40.1993787,-1.5590526,0.0076881,5,0
55.9981994,24.3387249,-40.196882,-1.5575999,0.0068396,5,0
56.1981929,24.5386992,-40.1941117,-1.5563169,0.0059911,5,0
56.3981865,24.7386702,-40.1911019,-1.5552036,0.0051426,5,0
56.5981801,24.9386379,-40.1878864,-1.5542599,0.0042941,5,0
56.7981736,25.1386027,-40.1844992,-1.553486,0.0034456,5,0
56.9981672,25.3385652,-40.1809741,-1.5528817,0.0025971,5,0
57.1981608,25.5385259,-40.1773453,-1.5524472,0.0017486,5,0
57.3981543,25.7384852,-40.1736464,-1.5521823,0.0009002,5,0
57.5981479,25.9384439,-40.1699116,-1.5520871,0.0000517,5,0
57.7981415,26.1384026,-40.1661747,-1.5521609,-0.0007896,5,0
57.998135,26.3383618,-40.1624689,-1.5523968,-0.0015698,5,0
58.1981286,26.5383222,-40.158824,-1.5527598,-0.0020597,5,0
58.3981222,26.7382839,-40.1552572,-1.5531571,-0.001913,5,0
58.5981158,26.938247,-40.1517654,-1.5535018,-0.0015339,5,0
58.7981093,27.1382111,-40.1483328,-1.5537385,-0.0008331,5,0
58.9981029,27.3381758,-40.144933,-1.5538273,-0.000055,5,0
59.1980965,27.5381405,-40.1415354,-1.5537616,0.0007121,5,0
59.39809,27.7381047,-40.1381094,-1.5535427,0.0014769,5,0
59.5980836,27.9380679,-40.1346243,-1.5531708,0.0022417,5,0
59.7980772,28.1380295,-40.1310496,-1.552646,0.0030065,5,0
59.9980707,28.337989,-40.1273546,-1.5519683,0.0037713,5,0
60.1980643,28.5379456,-40.1235089,-1.5511376,0.0045361,5,0
60.3980579,28.7378986,-40.1194817,-1.5501539,0.0053009,5,0
60.5980514,28.9378472,-40.1152425,-1.5490173,0.0060657,5,0
60.798045,29.1377905,-40.1107608,-1.5477277,0.0068305,5,0
60.9980386,29.3377275,-40.106006,-1.5462851,0.0075953,5,0
61.1980321,29.5376571,-40.1009475,-1.5446897,0.0083602,5,0
61.3980257,29.7375779,-40.0955547,-1.5429412,0.009125,5,0
61.5980193,29.9374886,-40.089797,-1.5410398,0.0098899,5,0
61.7980129,30.1373874,-40.083644,-1.5389854,0.0106548,5,0
61.9980064,30.3372727,-40.077065,-1.536778,0.0114198,5,0
62.198,30.5371425,-40.0700295,-1.5344176,0.0121848,5,0
62.3979936,30.7369944,-40.062507,-1.5319042,0.0129499,5,0
62.5979871,30.9368263,-40.0544669,-1.5292378,0.0137151,5,0
62.7979807,31.1366353,-40.0458787,-1.5264183,0.0144804,5,0
62.9979743,31.3364186,-40.0367119,-1.5234458,0.0152458,5,0
63.1979678,31.536173,-40.026936,-1.5203202,0.0160113,5,0
63.3979614,31.7358951,-40.0165205,-1.5170415,0.016777,5,0
63.597955,31.9355811,-40.005435,-1.5136096,0.0175429,5,0
63.7979485,32.135227,-39.9936489,-1.5100245,0.018309,5,0
63.9979421,32.3348283,-39.9811319,-1.5062862,0.0190753,5,0
64.1979357,32.5343805,-39.9678534,-1.5023946,0.0198419,5,0
64.3979293,32.7338784,-39.9537833,-1.4983497,0.0206088,5,0
64.5979228,32.9333165,-39.9388909,-1.4941513,0.0213761,5,0
64.7979164,33.1326892,-39.9231462,-1.4897995,0.0221437,5,0
64.99791,33.3319902,-39.9065186,-1.4852941,0.0229118,5,0
65.1979035,33.5312129,-39.8889779,-1.480635,0.0236804,5,0
65.3978971,33.7303503,-39.870494,-1.4758222,0.0244495,5,0
65.5978907,33.9293949,-39.8510365,-1.4708555,0.0252191,5,0
65.7978842,34.1283388,-39.8305754,-1.4657348,0.0259894,5,0
65.9978778,34.3271737,-39.8090805,-1.46046,0.0267604,5,0
66.1978714,34.5258906,-39.7865218,-1.455031,0.0275322,5,0
66.3978649,34.7244804,-39.7628692,-1.4494474,0.0283048,5,0
66.5978585,34.922933,-39.7380929,-1.4437093,0.0290783,5,0
66.7978521,35.1212382,-39.7121628,-1.4378164,0.0298528,5,0
66.9978457,35.319385,-39.6850493,-1.4317685,0.0306283,5,0
67.1978392,35.517362,-39.6567226,-1.4255654,0.031405,5,0
67.3978328,35.7151572,-39.6271529,-1.4192068,0.0321829,5,0
67.5978264,35.9127579,-39.5963108,-1.4126926,0.0329622,5,0
67.7978199,36.1101511,-39.5641668,-1.4060223,0.0337429,5,0
67.9978135,36.3073227,-39.5306914,-1.3991957,0.0345251,5,0
68.1978071,36.5042586,-39.4958554,-1.3922126,0.035309,5,0
68.3978006,36.7009435,-39.4596296,-1.3850725,0.0360946,5,0
68.5977942,36.8973617,-39.4219849,-1.3777751,0.0368821,5,0
68.7977878,37.0934969,-39.3828925,-1.37032,0.0376716,5,0
68.9977813,37.289332,-39.3423234,-1.3627068,0.0384633,5,0
69.1977749,37.4848493,-39.3002492,-1.354935,0.0392572,5,0
69.3977685,37.6800301,-39.2566412,-1.3470042,0.0400536,5,0
69.5977621,37.8748553,-39.2114711,-1.3389139,0.0408525,5,0
69.7977556,38.069305,-39.1647108,-1.3306636,0.0416541,5,0
69.9977492,38.2633584,-39.1163322,-1.3222526,0.0424587,5,0
70.1977428,38.4569939,-39.0663077,-1.3136805,0.0432663,5,0
70.3977363,38.6501893,-39.0146094,-1.3049465,0.0440772,5,0
70.5977299,38.8429215,-38.9612102,-1.2960499,0.0448915,5,0
70.7977235,39.0351665,-38.9060828,-1.2869902,0.0457094,5,0
70.997717,39.2268994,-38.8492003,-1.2777665,0.0465311,5,0
71.1977106,39.4180947,-38.790536,-1.2683781,0.0473569,5,0
71.3977042,39.6087258,-38.7300635,-1.2588241,0.0481869,5,0
71.5976977,39.7987652,-38.6677567,-1.2491036,0.0490215,5,0
71.7976913,39.9881846,-38.6035899,-1.2392158,0.0498607,5,0
71.9976849,40.1769547,-38.5375373,-1.2291597,0.0507049,5,0
72.1976785,40.3650453,-38.469574,-1.2189341,0.0515544,5,0
72.397672,40.5524251,-38.3996749,-1.2085382,0.0524094,5,0
72.5976656,40.739062,-38.3278157,-1.1979707,0.0532701,5,0
72.7976592,40.9249226,-38.2539723,-1.1872304,0.0541369,5,0
72.9976527,41.1099733,-38.1781219,-1.1763334,0.0548377,5,0
73.1976463,41.2941829,-38.1002511,-1.1653672,0.0548284,5,0
73.3976399,41.477528,-38.0203662,-1.1544224,0.054625,5,0
73.5976334,41.6599894,-37.938483,-1.1435151,0.0544526,5,0
73.797627,41.8415483,-37.8546176,-1.1326411,0.0542912,5,0
73.9976206,42.0221859,-37.7687859,-1.1217989,0.0541363,5,0
74.1976141,42.2018837,-37.6810034,-1.1109869,0.0539878,5,0
74.3976077,42.3806232,-37.5912858,-1.100204,0.0538455,5,0
74.5976013,42.5583861,-37.4996487,-1.089449,0.0537095,5,0
74.7975948,42.7351545,-37.4061074,-1.0787205,0.0535797,5,0
74.9975884,42.9109105,-37.3106773,-1.0680174,0.053456,5,0
75.197582,43.0856361,-37.2133737,-1.0573384,0.0533385,5,0
75.3975756,43.2593139,-37.1142118,-1.0466823,0.053227,5,0
75.5975691,43.4319262,-37.0132067,-1.0360478,0.0531216,5,0
75.7975627,43.6034558,-36.9103734,-1.0254339,0.0530221,5,0
75.9975563,43.7738853,-36.8057271,-1.0148393,0.0529286,5,0
76.1975498,43.9431975,-36.6992826,-1.0042627,0.0528411,5,0
76.3975434,44.1113753,-36.5910548,-0.9937031,0.0527594,5,0
76.597537,44.2784019,-36.4810585,-0.9831593,0.0526836,5,0
76.7975305,44.4442602,-36.3693084,-0.97263,0.0526137,5,0
76.9975241,44.6089335,-36.2558194,-0.9621141,0.0525496,5,0
77.1975177,44.772405,-36.1406059,-0.9516104,0.0524913,5,0
77.3975112,44.934658,-36.0236827,-0.9411179,0.0524388,5,0
77.5975048,45.0956758,-35.9050644,-0.9306352,0.052392,5,0
77.7974984,45.255442,-35.7847654,-0.9201613,0.052351,5,0
77.997492,45.4139398,-35.6628003,-0.9096951,0.0523158,5,0
78.1974855,45.5711529,-35.5391835,-0.8992353,0.0522862,5,0
78.3974791,45.7270648,-35.4139296,-0.8887809,0.0522624,5,0
78.5974727,45.881659,-35.2870529,-0.8783307,0.0522443,5,0
78.7974662,46.0349191,-35.1585678,-0.8678835,0.0522319,5,0
78.9974598,46.1868287,-35.0284889,-0.8574382,0.0522252,5,0
79.1974534,46.3373714,-34.8968303,-0.8469937,0.0522242,5,0
79.3974469,46.4865308,-34.7636067,-0.8365488,0.0522289,5,0
79.5974405,46.6342905,-34.6288322,-0.8261024,0.0522393,5,0
79.7974341,46.780634,-34.4925215,-0.8156534,0.0522554,5,0
79.9974276,46.9255451,-34.3546888,-0.8052006,0.0522772,5,0
80.1974212,47.0690071,-34.2153485,-0.7947428,0.0523047,5,0
80.3974148,47.2110038,-34.0745152,-0.784279,0.0523379,5,0
80.5974084,47.3515185,-33.9322034,-0.7738079,0.0523769,5,0
80.7974019,47.4905349,-33.7884274,-0.7633285,0.0524216,5,0
80.9973955,47.6280362,-33.6432019,-0.7528396,0.0524721,5,0
81.1973891,47.764006,-33.4965415,-0.7423399,0.0525284,5,0
81.3973826,47.8984276,-33.3484608,-0.7318285,0.0525904,5,0
81.5973762,48.0312843,-33.1989745,-0.7213041,0.0526583,5,0
81.7973698,48.1625593,-33.0480973,-0.7107655,0.052732,5,0
81.9973633,48.2922359,-32.8958441,-0.7002116,0.0528116,5,0
82.1973569,48.4202972,-32.7422298,-0.6896411,0.052897,5,0
82.3973505,48.5467262,-32.5872693,-0.679053,0.0529884,5,0
82.597344,48.671506,-32.4309777,-0.668446,0.0530858,5,0
82.7973376,48.7946195,-32.2733701,-0.657819,0.0531891,5,0
82.9973312,48.9160494,-32.1144619,-0.6471707,0.0532984,5,0
83.1973248,49.0357786,-31.9542684,-0.6364999,0.0534138,5,0
83.3973183,49.1537897,-31.792805,-0.6258054,0.0535353,5,0
83.5973119,49.2700653,-31.6300874,-0.6150861,0.0536629,5,0
83.7973055,49.384588,-31.4661312,-0.6043406,0.0537967,5,0
83.997299,49.49734,-31.3009525,-0.5935677,0.0539367,5,0
84.1972926,49.6083037,-31.1345671,-0.5827661,0.054083,5,0
84.3972862,49.7174612,-30.9669912,-0.5719347,0.0542356,5,0
84.5972797,49.8247947,-30.7982412,-0.5610721,0.0543946,5,0
84.7972733,49.930286,-30.6283336,-0.5501771,0.0545601,5,0
84.9972669,50.0339172,-30.457285,-0.5392484,0.054732,5,0
85.1972604,50.1356698,-30.2851123,-0.5282846,0.0549105,5,0
85.397254,50.2355256,-30.1118326,-0.5172845,0.0550956,5,0
85.5972476,50.3334659,-29.9374631,-0.5062466,0.0552874,5,0
85.7972412,50.4294723,-29.7620214,-0.4951698,0.0554859,5,0
85.9972347,50.523526,-29.5855252,-0.4840525,0.0556913,5,0
86.1972283,50.615608,-29.4079923,-0.4728935,0.0559036,5,0
86.3972219,50.7056994,-29.2294411,-0.4616913,0.0561229,5,0
86.5972154,50.7937811,-29.0498899,-0.4504446,0.0563492,5,0
86.797209,50.8798337,-28.8693575,-0.4391519,0.0565827,5,0
86.9972026,50.9638379,-28.6878629,-0.4278117,0.056824,5,0
87.1971961,51.0457751,-28.5054258,-0.4164392,0.0569061,5,0
87.3971897,51.1256349,-28.3220698,-0.405117,0.0563206,5,0
87.5971833,51.2034254,-28.1378263,-0.3939281,0.0555729,5,0
87.7971768,51.2791634,-27.9527297,-0.3828881,0.054832,5,0
87.9971704,51.3528671,-27.7668136,-0.3719956,0.0540977,5,0
88.197164,51.4245551,-27.5801109,-0.3612493,0.0533697,5,0
88.3971575,51.4942462,-27.3926537,-0.3506479,0.0526479,5,0
88.5971511,51.5619597,-27.2044731,-0.3401904,0.0519318,5,0
88.7971447,51.6277151,-27.0155993,-0.3298755,0.0512214,5,0
88.9971383,51.6915323,-26.8260618,-0.3197022,0.0505163,5,0
89.1971318,51.7534313,-26.6358893,-0.3096693,0.0498164,5,0
89.3971254,51.8134327,-26.4451094,-0.2997759,0.0491214,5,0
89.597119,51.8715569,-26.2537494,-0.290021,0.0484312,5,0
89.7971125,51.927825,-26.0618352,-0.2804037,0.0477455,5,0
89.9971061,51.9822579,-25.8693926,-0.2709232,0.0470642,5,0
90.1970997,52.0348772,-25.6764461,-0.2615808,0.0463627,5,0
90.3970932,52.0857059,-25.4830201,-0.2523881,0.0455683,5,0
90.5970868,52.1347699,-25.289139,-0.2433562,0.0447542,5,0
90.7970804,52.1820965,-25.0948265,-0.2344867,0.043944,5,0
90.9970739,52.2277137,-24.9001056,-0.225779,0.0431371,5,0
91.1970675,52.2716493,-24.7049983,-0.2172322,0.0423334,5,0
91.3970611,52.3139314,-24.509526,-0.2088459,0.0415328,5,0
91.5970547,52.3545885,-24.3137092,-0.2006194,0.040735,5,0
91.7970482,52.3936489,-24.1175677,-0.1925522,0.03994,5,0
91.9970418,52.4311414,-23.9211204,-0.1846438,0.0391475,5,0
92.1970354,52.4670947,-23.7243856,-0.1768936,0.0383573,5,0
92.3970289,52.5015378,-23.5273808,-0.1693012,0.0375695,5,0
92.5970225,52.5344997,-23.3301227,-0.1618661,0.0367837,5,0
92.7970161,52.5660096,-23.1326274,-0.154588,0.036,5,0
92.9970096,52.5960967,-22.9349104,-0.1474665,0.0352181,5,0
93.1970032,52.6247905,-22.7369863,-0.1405011,0.034438,5,0
93.3969968,52.6521205,-22.5388693,-0.1336916,0.0336595,5,0
93.5969903,52.6781162,-22.3405728,-0.1270377,0.0328825,5,0
93.7969839,52.7028073,-22.1421096,-0.120539,0.0321069,5,0
93.9969775,52.7262235,-21.943492,-0.1141952,0.0313327,5,0
94.1969711,52.7483946,-21.7447314,-0.1080062,0.0305597,5,0
94.3969646,52.7693506,-21.5458391,-0.1019717,0.0297878,5,0
94.5969582,52.7891213,-21.3468255,-0.0960914,0.029017,5,0
94.7969518,52.8077368,-21.1477004,-0.0903652,0.0282472,5,0
94.9969453,52.8252271,-20.9484734,-0.0847928,0.0274782,5,0
95.1969389,52.8416223,-20.7491532,-0.0793742,0.0267101,5,0
95.3969325,52.8569525,-20.5497483,-0.0741091,0.0259428,5,0
95.596926,52.8712479,-20.3502665,-0.0689974,0.0251762,5,0
95.7969196,52.8845387,-20.1507153,-0.0640389,0.0244102,5,0
95.9969132,52.8968552,-19.9511015,-0.0592336,0.0236447,5,0
96.1969067,52.9082276,-19.7514317,-0.0545813,0.0228799,5,0
96.3969003,52.9186863,-19.551712,-0.0500819,0.0221154,5,0
96.5968939,52.9282615,-19.3519479,-0.0457353,0.0213515,5,0
96.7968875,52.9369836,-19.1521448,-0.0415415,0.0205879,5,0
96.996881,52.9448829,-18.9523074,-0.0375004,0.0198246,5,0
97.1968746,52.9519899,-18.7524403,-0.0336119,0.0190617,5,0
97.3968682,52.9583348,-18.5525475,-0.029876,0.0182991,5,0
97.5968617,52.9639482,-18.3526328,-0.0262925,0.0175367,5,0
97.7968553,52.9688604,-18.1526997,-0.0228615,0.0167745,5,0
97.9968489,52.9731019,-17.9527512,-0.0195829,0.0160125,5,0
98.1968424,52.976703,-17.7527901,-0.0164567,0.0152506,5,0
98.396836,52.9796942,-17.552819,-0.0134829,0.014489,5,0
98.5968296,52.9821059,-17.35284,-0.0106613,0.0137274,5,0
98.7968231,52.9839686,-17.1528552,-0.0079921,0.0129659,5,0
98.9968167,52.9853128,-16.9528662,-0.0054751,0.0122045,5,0
99.1968103,52.9861688,-16.7528745,-0.0031104,0.0114432,5,0
99.3968039,52.986567,-16.5528814,-0.000898,0.010682,5,0
99.5967974,52.9865381,-16.3528879,0.0011623,0.0099208,5,0
99.796791,52.9861123,-16.1528948,0.0030702,0.0091596,5,0
99.9967846,52.9853202,-15.9529028,0.004826,0.0083985,5,0
100.1967781,52.9841921,-15.7529124,0.0064295,0.0076374,5,0
100.3967717,52.9827586,-15.552924,0.0078809,0.0068763,5,0
100.5967653,52.9810501,-15.3529378,0.00918,0.0061152,5,0
100.7967588,52.9790969,-15.1529537,0.0103269,0.0053542,5,0
100.9967524,52.9769293,-14.9529719,0.0113277,0.0046544,5,0
101.196746,52.9745738,-14.7529922,0.0122132,0.0042008,5,0
101.3967395,52.9720499,-14.5530146,0.0130142,0.0038091,5,0
101.5967331,52.9693737,-14.3530389,0.0137368,0.0034174,5,0
101.7967267,52.9665604,-14.1530652,0.014386,0.0030751,5,0
101.9967202,52.9636229,-13.9530932,0.0149866,0.0029313,5,0
102.1967138,52.9605678,-13.7531229,0.0155635,0.0028373,5,0
102.3967074,52.9573992,-13.5531545,0.0161215,0.0027433,5,0
102.596701,52.9541209,-13.3531878,0.0166608,0.0026494,5,0
102.7966945,52.9507366,-13.1532228,0.0171813,0.0025554,5,0
102.9966881,52.9472502,-12.9532597,0.0176829,0.0024615,5,0
103.1966817,52.9436653,-12.7532982,0.0181658,0.0023675,5,0
103.3966752,52.9399858,-12.5533385,0.0186299,0.0022735,5,0
103.5966688,52.9362153,-12.3533805,0.0190752,0.0021796,5,0
103.7966624,52.9323576,-12.1534241,0.0195017,0.0020856,5,0
103.9966559,52.9284166,-11.9534694,0.0199094,0.0019917,5,0
104.1966495,52.9243959,-11.7535163,0.0202983,0.0018977,5,0
104.3966431,52.9202993,-11.5535647,0.0206685,0.0018037,5,0
104.5966366,52.9161306,-11.3536145,0.0210198,0.0017098,5,0
104.7966302,52.9118935,-11.1536659,0.0213524,0.0016158,5,0
104.9966238,52.9075918,-10.9537186,0.0216665,0.0015256,5,0
105.1966174,52.903229,-10.7537726,0.0219641,0.0014502,5,0
105.3966109,52.8988082,-10.5538279,0.022247,0.0013787,5,0
105.5966045,52.8943322,-10.3538844,0.0225155,0.0013071,5,0
105.7965981,52.889804,-10.1539421,0.0227698,0.0012355,5,0
105.9965916,52.8852263,-9.9540009,0.0230097,0.0011639,5,0
106.1965852,52.8806021,-9.7540608,0.0232353,0.0010923,5,0
106.3965788,52.8759343,-9.5541217,0.0234466,0.0010207,5,0
106.5965723,52.8712256,-9.3541836,0.0236436,0.0009491,5,0
106.7965659,52.866479,-9.1542464,0.0238262,0.0008775,5,0
106.9965595,52.8616973,-8.95431,0.0239946,0.0008059,5,0
107.196553,52.8568834,-8.7543744,0.0241486,0.0007343,5,0
107.3965466,52.8520401,-8.5544394,0.0242883,0.0006627,5,0
107.5965402,52.8471703,-8.3545052,0.0244138,0.0005925,5,0
107.7965338,52.8422767,-8.1545715,0.0245258,0.0005276,5,0
107.9965273,52.8373621,-7.9546383,0.024625,0.0004641,5,0
108.1965209,52.8324289,-7.7547056,0.0247114,0.0004005,5,0
108.3965145,52.8274797,-7.5547733,0.0247852,0.000337,5,0
108.596508,52.822517,-7.3548413,0.0248462,0.0002734,5,0
108.7965016,52.8175434,-7.1549096,0.0248945,0.0002099,5,0
108.9964952,52.8125614,-6.9549781,0.02493,0.0001449,5,0
109.1964887,52.8075736,-6.7550467,0.0249519,0.0000742,5,0
109.3964823,52.8025828,-6.5551154,0.0249612,0.0000186,5,0
109.5964759,52.7975908,-6.3551842,0.0249659,0.0000286,5,0
109.7964694,52.7925976,-6.1552529,0.0249737,0.000049,5,0
109.996463,52.7876026,-5.9553217,0.0249834,0.0000479,5,0
110.1964566,52.7826057,-5.7553906,0.0249923,0.0000418,5,0
110.3964502,52.7776071,-5.5554595,0.0250001,0.0000357,5,0
110.5964437,52.7726071,-5.3555285,0.0250066,0.0000296,5,0
110.7964373,52.7676059,-5.1555974,0.0250119,0.0000234,5,0
110.9964309,52.7626038,-4.9556664,0.025016,0.0000173,5,0
111.1964244,52.7576009,-4.7557354,0.0250188,0.0000112,5,0
111.396418,52.7525977,-4.5558045,0.0250204,0.000005,5,0
111.5964116,52.7475942,-4.3558735,0.0250208,-0.0000011,5,0
111.7964051,52.7425908,-4.1559425,0.0250201,-0.000006,5,0
111.9963987,52.7375876,-3.9560115,0.0250189,-0.0000066,5,0
112.1963923,52.7325846,-3.7560806,0.0250176,-0.0000062,5,0
112.3963858,52.7275819,-3.5561496,0.0250164,-0.0000059,5,0
112.5963794,52.7225794,-3.3562186,0.0250152,-0.0000056,5,0
112.796373,52.7175772,-3.1562876,0.0250141,-0.0000052,5,0
112.9963666,52.7125751,-2.9563566,0.0250131,-0.0000049,5,0
113.1963601,52.7075733,-2.7564256,0.0250122,-0.0000046,5,0
113.3963537,52.7025716,-2.5564945,0.0250113,-0.0000043,5,0
113.5963473,52.6975701,-2.3565635,0.0250105,-0.0000039,5,0
113.7963408,52.6925688,-2.1566325,0.0250097,-0.0000039,5,0
113.9963344,52.6875676,-1.9567015,0.0250088,-0.0000049,5,0
114.196328,52.6825667,-1.7567704,0.0250077,-0.000006,5,0
114.3963215,52.6775659,-1.5568394,0.0250064,-0.0000071,5,0
114.5963151,52.6725655,-1.3569084,0.0250049,-0.0000083,5,0
114.7963087,52.6675654,-1.1569773,0.0250031,-0.0000094,5,0
114.9963022,52.6625656,-0.9570462,0.0250011,-0.0000105,5,0
115.1962958,52.6575663,-0.7571152,0.0249989,-0.0000117,5,0
115.3962894,52.6525674,-0.5571841,0.0249964,-0.0000128,5,0
115.5962829,52.6475691,-0.357253,0.0249938,-0.0000139,5,0
115.7962765,52.6425713,-0.1573219,0.0249909,-0.000015,5,0
115.9962701,52.6375741,0.0426093,0.0249877,-0.0000162,5,0
116.1962637,52.6325776,0.2425404,0.0249844,-0.0000173,5,0
116.3962572,52.6275817,0.4424716,0.0249808,-0.0000184,5,0
116.5962508,52.6225866,0.6424027,0.024977,-0.0000196,5,0
116.7962444,52.6175923,0.8423339,0.024973,-0.0000207,5,0
116.9962379,52.6125988,1.0422652,0.0249687,-0.0000218,5,0
117.1962315,52.6076062,1.2421964,0.0249643,-0.000023,5,0
117.3962251,52.6026145,1.4421277,0.0249596,-0.0000241,5,0
117.5962186,52.5976237,1.642059,0.0249546,-0.0000252,5,0
117.7962122,52.592634,1.8419903,0.0249495,-0.0000264,5,0
117.9962058,52.5876453,2.0419216,0.0249441,-0.0000275,5,0
118.1961993,52.5826577,2.241853,0.0249385,-0.0000286,5,0
118.3961929,52.5776713,2.4417844,0.0249326,-0.0000298,5,0
118.5961865,52.5726861,2.6417158,0.0249266,-0.0000309,5,0
118.7961801,52.5677021,2.8416473,0.0249203,-0.000032,5,0
118.9961736,52.5627193,3.0415787,0.0249138,-0.0000331,5,0
119.1961672,52.5577379,3.2415103,0.024907,-0.0000343,5,0
119.3961608,52.5527579,3.4414418,0.0249,-0.0000354,5,0
119.5961543,52.5477793,3.6413734,0.0248929,-0.0000365,5,0
119.7961479,52.5428021,3.841305,0.0248854,-0.0000377,5,0
119.9961415,52.5378264,4.0412367,0.0248778,-0.0000388,5,0
120.196135,52.5328523,4.2411684,0.0248699,-0.0000399,5,0
120.3961286,52.5278798,4.4411002,0.0248618,-0.0000411,5,0
120.5961222,52.522909,4.6410319,0.0248535,-0.0000422,5,0
120.7961157,52.5179398,4.8409638,0.0248449,-0.0000433,5,0
120.9961093,52.5129724,5.0408956,0.0248362,-0.0000445,5,0
121.1961029,52.5080067,5.2408275,0.0248272,-0.0000456,5,0
121.3960965,52.5030429,5.4407595,0.0248179,-0.0000467,5,0
121.59609,52.4980809,5.6406915,0.0248085,-0.0000479,5,0
121.7960836,52.4931208,5.8406236,0.0247988,-0.000049,5,0
121.9960772,52.4881627,6.0405557,0.0247889,-0.0000501,5,0
122.1960707,52.4832066,6.2404878,0.0247788,-0.0000512,5,0
122.3960643,52.4782526,6.44042,0.0247684,-0.0000524,5,0
122.5960579,52.4733006,6.6403523,0.0247578,-0.0000535,5,0
122.7960514,52.4683508,6.8402846,0.024747,-0.0000546,5,0
122.996045,52.4634031,7.0402169,0.024736,-0.0000558,5,0
123.1960386,52.4584577,7.2401493,0.0247247,-0.0000569,5,0
123.3960321,52.4535146,7.4400818,0.0247132,-0.000058,5,0
123.5960257,52.4485738,7.6400143,0.0247015,-0.0000591,5,0
123.7960193,52.4436354,7.8399469,0.0246895,-0.0000603,5,0
123.9960129,52.4386993,8.0398796,0.0246774,-0.0000614,5,0
124.1960064,52.4337657,8.2398123,0.024665,-0.0000625,5,0
124.396,52.4288347,8.4397451,0.0246524,-0.0000637,5,0
124.5959936,52.4239061,8.6396779,0.0246395,-0.0000648,5,0
124.7959871,52.4189802,8.8396108,0.0246264,-0.0000659,5,0
124.9959807,52.4140569,9.0395437,0.0246131,-0.0000671,5,0
125.1959743,52.4091363,9.2394768,0.0245996,-0.0000682,5,0
125.3959678,52.4042184,9.4394099,0.0245859,-0.0000693,5,0
125.5959614,52.3993032,9.639343,0.0245719,-0.0000705,5,0
125.795955,52.3943909,9.8392763,0.0245577,-0.0000716,5,0
125.9959485,52.3894815,10.0392096,0.0245432,-0.0000727,5,0
126.1959421,52.384575,10.2391429,0.0245286,-0.0000738,5,0
126.3959357,52.3796714,10.4390764,0.0245137,-0.000075,5,0
126.5959293,52.3747708,10.6390099,0.0244986,-0.0000761,5,0
126.7959228,52.3698732,10.8389435,0.0244833,-0.0000772,5,0
126.9959164,52.3649788,11.0388772,0.0244677,-0.0000784,5,0
127.19591,52.3600875,11.2388109,0.0244519,-0.0000795,5,0
127.3959035,52.3551993,11.4387447,0.0244359,-0.0000806,5,0
127.5958971,52.3503144,11.6386786,0.0244197,-0.0000818,5,0
127.7958907,52.3454328,11.8386126,0.0244032,-0.0000829,5,0
127.9958842,52.3405544,12.0385467,0.0243865,-0.000084,5,0
128.1958778,52.3356794,12.2384808,0.0243696,-0.0000851,5,0
128.3958714,52.3308079,12.4384151,0.0243524,-0.0000863,5,0
128.5958649,52.3259398,12.6383494,0.0243351,-0.0000874,5,0
128.7958585,52.3210751,12.8382838,0.0243175,-0.0000886,5,0
128.9958521,52.3162141,13.0382182,0.0242997,-0.0000897,5,0
129.1958456,52.3113566,13.2381528,0.0242816,-0.0000908,5,0
129.3958392,52.3065027,13.4380875,0.0242633,-0.0000919,5,0
129.5958328,52.3016525,13.6380222,0.0242448,-0.0000931,5,0
129.7958264,52.296806,13.8379571,0.0242261,-0.0000942,5,0
129.9958199,52.2919633,14.037892,0.0242072,-0.0000953,5,0
130.1958135,52.2871244,14.237827,0.024188,-0.0000965,5,0
130.3958071,52.2822894,14.4377621,0.0241686,-0.0000976,5,0
130.5958006,52.2774583,14.6376973,0.0241489,-0.0000987,5,0
130.7957942,52.2726311,14.8376326,0.0241291,-0.0000999,5,0
130.9957878,52.2678079,15.037568,0.024109,-0.000101,5,0
131.1957813,52.2629888,15.2375035,0.0240887,-0.0001021,5,0
131.3957749,52.2581737,15.4374391,0.0240682,-0.0001033,5,0
131.5957685,52.2533628,15.6373748,0.0240474,-0.0001044,5,0
131.795762,52.248556,15.8373106,0.0240264,-0.0001055,5,0
131.9957556,52.2437534,16.0372465,0.0240052,-0.0001066,5,0
132.1957492,52.2389552,16.2371825,0.0239838,-0.0001078,5,0
132.3957428,52.2341612,16.4371186,0.0239621,-0.0001089,5,0
132.5957363,52.2293716,16.6370548,0.0239402,-0.00011,5,0
132.7957299,52.2245863,16.8369911,0.0239181,-0.0001112,5,0
132.9957235,52.2198056,17.0369276,0.0238957,-0.0001123,5,0
133.195717,52.2150293,17.2368641,0.0238732,-0.0001134,5,0
133.3957106,52.2102575,17.4368007,0.0238504,-0.0001146,5,0
133.5957042,52.2054904,17.6367375,0.0238273,-0.0001157,5,0
133.7956977,52.2007278,17.8366743,0.0238041,-0.0001168,5,0
133.9956913,52.1959699,18.0366113,0.0237806,-0.0001179,5,0
134.1956849,52.1912168,18.2365484,0.0237569,-0.0001191,5,0
134.3956784,52.1864684,18.4364856,0.023733,-0.0001202,5,0
134.595672,52.1817248,18.6364229,0.0237088,-0.0001213,5,0
134.7956656,52.1769861,18.8363603,0.0236845,-0.0001225,5,0
134.9956592,52.1722522,19.0362978,0.0236598,-0.0001236,5,0
135.1956527,52.1675233,19.2362355,0.023635,-0.0001247,5,0
135.3956463,52.1627994,19.4361732,0.02361,-0.0001258,5,0
135.5956399,52.1580805,19.6361111,0.0235847,-0.000127,5,0
135.7956334,52.1533667,19.8360491,0.0235592,-0.0001281,5,0
135.995627,52.1486581,20.0359873,0.0235334,-0.0001293,5,0
136.1956206,52.1439546,20.2359255,0.0235075,-0.0001304,5,0
136.3956141,52.1392563,20.4358639,0.0234813,-0.0001315,5,0
136.5956077,52.1345632,20.6358024,0.0234549,-0.0001326,5,0
136.7956013,52.1298755,20.835741,0.0234282,-0.0001338,5,0
136.9955948,52.1251931,21.0356798,0.0234014,-0.0001349,5,0
137.1955884,52.1205161,21.2356187,0.0233743,-0.000136,5,0
137.395582,52.1158446,21.4355577,0.0233469,-0.0001372,5,0
137.5955756,52.1111785,21.6354968,0.0233194,-0.0001383,5,0
137.7955691,52.106518,21.835436,0.0232916,-0.0001394,5,0
137.9955627,52.101863,22.0353754,0.0232636,-0.0001406,5,0
138.1955563,52.0972137,22.2353149,0.0232354,-0.0001417,5,0
138.3955498,52.09257,22.4352546,0.023207,-0.0001428,5,0
138.5955434,52.087932,22.6351944,0.0231783,-0.0001439,5,0
138.795537,52.0832998,22.8351343,0.0231494,-0.0001451,5,0
138.9955305,52.0786734,23.0350743,0.0231202,-0.0001462,5,0
139.1955241,52.0740529,23.2350145,0.0230909,-0.0001473,5,0
139.3955177,52.0694382,23.4349549,0.0230613,-0.0001485,5,0
139.5955112,52.0648295,23.6348953,0.0230315,-0.0001496,5,0
139.7955048,52.0602267,23.8348359,0.0230015,-0.0001507,5,0
139.9954984,52.05563,24.0347767,0.0229712,-0.0001519,5,0
140.195492,52.0510394,24.2347175,0.0229407,-0.000153,5,0
140.3954855,52.0464548,24.4346585,0.02291,-0.0001541,5,0
140.5954791,52.0418765,24.6345997,0.0228791,-0.0001552,5,0
140.7954727,52.0373043,24.834541,0.0228479,-0.0001564,5,0
140.9954662,52.0327384,25.0344824,0.0228165,-0.0001575,5,0
141.1954598,52.0281788,25.234424,0.0227849,-0.0001586,5,0
141.3954534,52.0236255,25.4343658,0.0227531,-0.0001598,5,0
141.5954469,52.0190787,25.6343076,0.022721,-0.0001609,5,0
141.7954405,52.0145382,25.8342497,0.0226887,-0.000162,5,0
141.9954341,52.0100043,26.0341918,0.0226562,-0.0001632,5,0
142.1954276,52.0054768,26.2341341,0.0226234,-0.0001643,5,0
142.3954212,52.000956,26.4340766,0.0225905,-0.0001654,5,0
142.5954148,51.9964417,26.6340192,0.0225573,-0.0001666,5,0
142.7954083,51.9919341,26.833962,0.0225239,-0.0001677,5,0
142.9954019,51.9874332,27.0339049,0.0224902,-0.0001688,5,0
143.1953955,51.9829391,27.233848,0.0224563,-0.00017,5,0
143.3953891,51.9784518,27.4337912,0.0224222,-0.0001711,5,0
143.5953826,51.9739713,27.6337346,0.0223879,-0.0001722,5,0
143.7953762,51.9694977,27.8336781,0.0223533,-0.0001733,5,0
143.9953698,51.965031,28.0336218,0.0223186,-0.0001745,5,0
144.1953633,51.9605713,28.2335656,0.0222835,-0.0001756,5,0
144.3953569,51.9561186,28.4335096,0.0222483,-0.0001767,5,0
144.5953505,51.951673,28.6334538,0.0222129,-0.0001779,5,0
144.795344,51.9472345,28.8333981,0.0221772,-0.000179,5,0
144.9953376,51.9428031,29.0333425,0.0221413,-0.0001801,5,0
145.1953312,51.938379,29.2332872,0.0221051,-0.0001813,5,0
145.3953247,51.9339621,29.433232,0.0220688,-0.0001824,5,0
145.5953183,51.9295525,29.6331769,0.0220322,-0.0001835,5,0
145.7953119,51.9251503,29.833122,0.0219954,-0.0001847,5,0
145.9953055,51.9207554,30.0330673,0.0219583,-0.0001858,5,0
146.195299,51.9163679,30.2330127,0.021921,-0.0001869,5,0
146.3952926,51.911988,30.4329583,0.0218835,-0.000188,5,0
146.5952862,51.9076155,30.6329041,0.0218458,-0.0001892,5,0
146.7952797,51.9032506,30.83285,0.0218079,-0.0001903,5,0
146.9952733,51.8988934,31.0327961,0.0217697,-0.0001914,5,0
147.1952669,51.8945437,31.2327424,0.0217313,-0.0001926,5,0
147.3952604,51.8902018,31.4326888,0.0216927,-0.0001937,5,0
147.595254,51.8858676,31.6326354,0.0216538,-0.0001948,5,0
147.7952476,51.8815413,31.8325822,0.0216148,-0.000196,5,0
147.9952411,51.8772227,32.0325291,0.0215754,-0.0001971,5,0
148.1952347,51.872912,32.2324762,0.0215359,-0.0001982,5,0
148.3952283,51.8686093,32.4324235,0.0214962,-0.0001994,5,0
148.5952219,51.8643145,32.632371,0.0214562,-0.0002005,5,0
148.7952154,51.8600278,32.8323186,0.021416,-0.0002016,5,0
148.995209,51.8557491,33.0322664,0.0213755,-0.0002027,5,0
149.1952026,51.8514785,33.2322144,0.0213349,-0.0002039,5,0
149.3951961,51.8472161,33.4321625,0.021294,-0.000205,5,0
149.5951897,51.8429618,33.6321108,0.0212529,-0.0002061,5,0
149.7951833,51.8387158,33.8320593,0.0212115,-0.0002073,5,0
149.9951768,51.8344781,34.032008,0.02117,-0.0002084,5,0
150.1951704,51.8302488,34.2319568,0.0211282,-0.0002095,5,0
150.395164,51.8260278,34.4319058,0.0210862,-0.0002107,5,0
150.5951575,51.8218152,34.631855,0.0210439,-0.0002118,5,0
150.7951511,51.8176111,34.8318044,0.0210015,-0.0002129,5,0
150.9951447,51.8134155,35.031754,0.0209588,-0.000214,5,0
151.1951383,51.8092285,35.2317037,0.0209158,-0.0002152,5,0
151.3951318,51.8050501,35.4316536,0.0208727,-0.0002163,5,0
151.5951254,51.8008803,35.6316037,0.0208293,-0.0002174,5,0
151.795119,51.7967193,35.831554,0.0207857,-0.0002186,5,0
151.9951125,51.7925669,36.0315044,0.0207419,-0.0002197,5,0
152.1951061,51.7884234,36.2314551,0.0206978,-0.0002208,5,0
152.3950997,51.7842887,36.4314059,0.0206536,-0.000222,5,0
152.5950932,51.7801628,36.6313569,0.0206091,-0.0002231,5,0
152.7950868,51.7760459,36.8313081,0.0205643,-0.0002242,5,0
152.9950804,51.7719379,37.0312595,0.0205194,-0.0002254,5,0
153.1950739,51.767839,37.231211,0.0204742,-0.0002265,5,0
153.3950675,51.7637491,37.4311628,0.0204288,-0.0002276,5,0
153.5950611,51.7596683,37.6311147,0.0203831,-0.0002288,5,0
153.7950547,51.7555967,37.8310668,0.0203373,-0.0002299,5,0
153.9950482,51.7515343,38.0310191,0.0202912,-0.000231,5,0
154.1950418,51.7474811,38.2309716,0.0202449,-0.0002321,5,0
154.3950354,51.7434371,38.4309243,0.0201983,-0.0002333,5,0
154.5950289,51.7394025,38.6308772,0.0201516,-0.0002344,5,0
154.7950225,51.7353773,38.8308302,0.0201046,-0.0002355,5,0
154.9950161,51.7313615,39.0307835,0.0200574,-0.0002367,5,0
155.1950096,51.7273552,39.2307369,0.0200099,-0.0002378,5,0
155.3950032,51.7233584,39.4306906,0.0199623,-0.0002389,5,0
155.5949968,51.7193711,39.6306444,0.0199144,-0.0002401,5,0
155.7949903,51.7153934,39.8305984,0.0198662,-0.0002412,5,0
155.9949839,51.7114254,40.0305526,0.0198179,-0.0002423,5,0
156.1949775,51.7074671,40.230507,0.0197693,-0.0002434,5,0
156.394971,51.7035185,40.4304616,0.0197205,-0.0002446,5,0
156.5949646,51.6995796,40.6304163,0.0196715,-0.0002457,5,0
156.7949582,51.6956506,40.8303713,0.0196222,-0.0002468,5,0
156.9949518,51.6917315,41.0303265,0.0195728,-0.000248,5,0
157.1949453,51.6878223,41.2302818,0.019523,-0.0002491,5,0
157.3949389,51.6839231,41.4302374,0.0194731,-0.0002502,5,0
157.5949325,51.6800338,41.6301931,0.019423,-0.0002514,5,0
157.794926,51.6761546,41.8301491,0.0193726,-0.0002525,5,0
157.9949196,51.6722855,42.0301052,0.019322,-0.0002536,5,0
158.1949132,51.6684266,42.2300616,0.0192711,-0.0002548,5,0
158.3949067,51.6645778,42.4300181,0.0192201,-0.0002559,5,0
158.5949003,51.6607393,42.6299748,0.0191688,-0.000257,5,0
158.7948939,51.656911,42.8299317,0.0191173,-0.0002582,5,0
158.9948874,51.6530931,43.0298889,0.0190655,-0.0002593,5,0
159.194881,51.6492855,43.2298462,0.0190136,-0.0002604,5,0
159.3948746,51.6454884,43.4298037,0.0189614,-0.0002615,5,0
159.5948682,51.6417017,43.6297614,0.0189089,-0.0002627,5,0
159.7948617,51.6379255,43.8297193,0.0188563,-0.0002638,5,0
159.9948553,51.6341599,44.0296775,0.0188034,-0.0002649,5,0
160.1948489,51.6304049,44.2296358,0.0187503,-0.0002661,5,0
160.3948424,51.6266605,44.4295943,0.018697,-0.0002672,5,0
160.594836,51.6229267,44.629553,0.0186435,-0.0002683,5,0
160.7948296,51.6192032,44.8295119,0.0185978,-0.0001887,5,0
160.9948231,51.6154851,45.0294709,0.0186007,0.0002182,5,0
161.1948167,51.6117573,45.2294297,0.0186983,0.0007576,5,0
161.3948103,51.607998,45.429388,0.0189225,0.0014841,5,0
161.5948038,51.6041791,45.6293451,0.0192954,0.0022455,5,0
161.7947974,51.6002704,45.8293004,0.0198205,0.0030053,5,0
161.994791,51.5962415,46.0292534,0.0204975,0.0037651,5,0
162.1947846,51.5920621,46.2292033,0.0213264,0.0045249,5,0
162.3947781,51.5877018,46.4291493,0.0223074,0.0052846,5,0
162.5947717,51.5831301,46.6290906,0.0234402,0.0060444,5,0
162.7947653,51.5783167,46.8290262,0.0247251,0.0068042,5,0
162.9947588,51.5732313,47.0289551,0.0261618,0.007564,5,0
163.1947524,51.5678434,47.2288761,0.0277506,0.0083239,5,0
163.394746,51.5621227,47.4287878,0.0294913,0.0090837,5,0
163.5947395,51.5560388,47.6286888,0.031384,0.0098436,5,0
163.7947331,51.5495614,47.8285774,0.0334286,0.0106035,5,0
163.9947267,51.5426602,48.0284518,0.0356252,0.0113635,5,0
164.1947202,51.5353047,48.22831,0.0379739,0.0121235,5,0
164.3947138,51.5274647,48.4281498,0.0404745,0.0128836,5,0
164.5947074,51.5191098,48.6279687,0.0431271,0.0136438,5,0
164.794701,51.5102096,48.8277641,0.0459318,0.014404,5,0
164.9946945,51.500734,49.027533,0.0488886,0.0151644,5,0
165.1946881,51.4906525,49.2272722,0.0519974,0.0159249,5,0
165.3946817,51.479935,49.4269783,0.0552583,0.0166856,5,0
165.5946752,51.4685511,49.6266475,0.0586714,0.0174465,5,0
165.7946688,51.4564705,49.8262758,0.0622367,0.0182075,5,0
165.9946624,51.4436632,50.0258588,0.0659542,0.0189689,5,0
166.1946559,51.4300988,50.2253917,0.069824,0.0197304,5,0
166.3946495,51.4157471,50.4248695,0.0738462,0.0204923,5,0
166.5946431,51.400578,50.6242868,0.0780207,0.0212545,5,0
166.7946366,51.3845614,50.8236379,0.0823477,0.0220171,5,0
166.9946302,51.3676672,51.0229164,0.0868273,0.0227802,5,0
167.1946238,51.3498652,51.2221159,0.0914595,0.0235437,5,0
167.3946174,51.3311255,51.4212294,0.0962445,0.0243077,5,0
167.5946109,51.3114181,51.6202494,0.1011823,0.0250723,5,0
167.7946045,51.2907129,51.8191681,0.1062731,0.0258375,5,0
167.9945981,51.2689802,52.0179771,0.111517,0.0266034,5,0
168.1945916,51.24619,52.2166677,0.1169142,0.02737,5,0
168.3945852,51.2223126,52.4152305,0.1224647,0.0281375,5,0
168.5945788,51.1973181,52.6136558,0.1281689,0.0289058,5,0
168.7945723,51.171177,52.8119333,0.1340267,0.0296751,5,0
168.9945659,51.1438597,53.0100521,0.1400386,0.0304455,5,0
169.1945595,51.1153365,53.2080009,0.1462046,0.0312169,5,0
169.394553,51.085578,53.4057677,0.152525,0.0319896,5,0
169.5945466,51.0545549,53.6033401,0.1590001,0.0327636,5,0
169.7945402,51.0222379,53.800705,0.1656302,0.033539,5,0
169.9945337,50.9885978,53.9978487,0.1724154,0.0343159,5,0
170.1945273,50.9536054,54.1947568,0.1793562,0.0350944,5,0
170.3945209,50.917232,54.3914144,0.1864528,0.0358747,5,0
170.5945145,50.8794485,54.587806,0.1937057,0.0366568,5,0
170.794508,50.8402262,54.7839153,0.2011152,0.0374408,5,0
170.9945016,50.7995366,54.9797254,0.2086817,0.038227,5,0
171.1944952,50.7573513,55.1752187,0.2164057,0.0390154,5,0
171.3944887,50.7136418,55.3703769,0.2242875,0.0398061,5,0
171.5944823,50.6683801,55.5651809,0.2323278,0.0405994,5,0
171.7944759,50.6215381,55.7596109,0.2405269,0.0413954,5,0
171.9944694,50.5730881,55.9536464,0.2488856,0.0421942,5,0
172.194463,50.5230025,56.1472662,0.2574043,0.042996,5,0
172.3944566,50.4712538,56.3404481,0.2660836,0.043801,5,0
172.5944501,50.4178149,56.5331693,0.2749243,0.0446093,5,0
172.7944437,50.3626587,56.725406,0.283927,0.0454212,5,0
172.9944373,50.3057586,56.9171337,0.2930925,0.0462369,5,0
173.1944309,50.247088,57.1083271,0.3024214,0.0470565,5,0
173.3944244,50.1866207,57.2989598,0.3119148,0.0478803,5,0
173.594418,50.1243307,57.4890047,0.3215733,0.0487085,5,0
173.7944116,50.0601924,57.6784339,0.3313979,0.0495414,5,0
173.9944051,49.9941804,57.8672182,0.3413895,0.0503791,5,0
174.1943987,49.9262697,58.0553278,0.3515492,0.0512219,5,0
174.3943923,49.8564356,58.2427318,0.361878,0.0520701,5,0
174.5943858,49.7846537,58.4293984,0.372377,0.052924,5,0
174.7943794,49.7109001,58.6152948,0.3830473,0.0537839,5,0
174.994373,49.6351513,58.800387,0.3938902,0.05465,5,0
175.1943665,49.557385,58.9846408,0.4048897,0.0553496,5,0
175.3943601,49.4775883,59.1680243,0.4159585,0.0553433,5,0
175.5943537,49.395768,59.3505139,0.4270064,0.0551401,5,0
175.7943473,49.3119404,59.5320902,0.4380123,0.0549231,5,0
175.9943408,49.2261233,59.7127347,0.4489774,0.0547329,5,0
176.1943344,49.1383339,59.8924291,0.4599056,0.0545537,5,0
176.394328,49.0485892,60.0711549,0.4707986,0.054381,5,0
176.5943215,48.956906,60.2488941,0.4816577,0.0542149,5,0
176.7943151,48.8633011,60.4256289,0.4924843,0.0540551,5,0
176.9943087,48.7677911,60.6013413,0.5032795,0.0539016,5,0
177.1943022,48.6703924,60.776014,0.5140446,0.0537543,5,0
177.3942958,48.5711216,60.9496295,0.5247809,0.0536133,5,0
177.5942894,48.4699949,61.1221707,0.5354897,0.0534784,5,0
177.7942829,48.3670287,61.2936204,0.546172,0.0533497,5,0
177.9942765,48.262239,61.4639617,0.5568293,0.053227,5,0
178.1942701,48.155642,61.6331779,0.5674626,0.0531104,5,0
178.3942637,48.0472536,61.8012524,0.5780731,0.0529997,5,0
178.5942572,47.9370898,61.9681685,0.5886622,0.0528951,5,0
178.7942508,47.8251665,62.1339099,0.5992309,0.0527963,5,0
178.9942444,47.7114993,62.2984603,0.6097804,0.0527034,5,0
179.1942379,47.5961041,62.4618035,0.620312,0.0526164,5,0
179.3942315,47.4789964,62.6239234,0.6308267,0.0525352,5,0
179.5942251,47.3601918,62.7848039,0.6413257,0.0524598,5,0
179.7942186,47.2397059,62.9444291,0.6518103,0.0523902,5,0
179.9942122,47.1175541,63.1027832,0.6622815,0.0523263,5,0
180.1942058,46.9937519,63.2598503,0.6727405,0.0522682,5,0
180.3941993,46.8683146,63.4156146,0.6831885,0.0522157,5,0
180.5941929,46.7412575,63.5700606,0.6936265,0.052169,5,0
180.7941865,46.6125959,63.7231726,0.7040558,0.052128,5,0
180.9941801,46.4823451,63.8749349,0.7144774,0.0520926,5,0
181.1941736,46.3505203,64.025332,0.7248925,0.0520628,5,0
181.3941672,46.2171367,64.1743483,0.7353023,0.0520388,5,0
181.5941608,46.0822094,64.3219685,0.7457077,0.0520203,5,0
181.7941543,45.9457537,64.4681769,0.7561101,0.0520075,5,0
181.9941479,45.8077846,64.6129581,0.7665104,0.0520003,5,0
182.1941415,45.6683173,64.7562967,0.7769099,0.0519988,5,0
182.394135,45.527367,64.8981771,0.7873096,0.0520028,5,0
182.5941286,45.3849486,65.038584,0.7977107,0.0520125,5,0
182.7941222,45.2410775,65.1775018,0.8081144,0.0520278,5,0
182.9941157,45.0957687,65.3149152,0.8185216,0.0520488,5,0
183.1941093,44.9490374,65.4508085,0.8289336,0.0520753,5,0
183.3941029,44.8008987,65.5851662,0.8393514,0.0521076,5,0
183.5940964,44.651368,65.7179729,0.8497763,0.0521455,5,0
183.79409,44.5004604,65.849213,0.8602093,0.052189,5,0
183.9940836,44.3481912,65.9788709,0.8706516,0.0522383,5,0
184.1940772,44.1945757,66.1069309,0.8811043,0.0522932,5,0
184.3940707,44.0396294,66.2333773,0.8915686,0.0523539,5,0
184.5940643,43.8833676,66.3581945,0.9020456,0.0524203,5,0
184.7940579,43.7258059,66.4813666,0.9125364,0.0524925,5,0
184.9940514,43.5669598,66.6028778,0.9230423,0.0525704,5,0
185.194045,43.406845,66.7227123,0.9335643,0.0526542,5,0
185.3940386,43.2454771,66.840854,0.9441037,0.0527438,5,0
185.5940321,43.0828721,66.957287,0.9546615,0.0528392,5,0
185.7940257,42.9190457,67.0719952,0.9652391,0.0529406,5,0
185.9940193,42.754014,67.1849625,0.9758375,0.0530479,5,0
186.1940128,42.5877931,67.2961725,0.986458,0.0531611,5,0
186.3940064,42.4203992,67.405609,0.9971017,0.0532804,5,0
186.594,42.2518488,67.5132556,1.0077698,0.0534057,5,0
186.7939936,42.0821582,67.6190958,1.0184637,0.0535371,5,0
186.9939871,41.9113441,67.7231131,1.0291844,0.0536747,5,0
187.1939807,41.7394233,67.8252908,1.0399333,0.0538184,5,0
187.3939743,41.5664126,67.9256121,1.0507115,0.0539684,5,0
187.5939678,41.3923293,68.0240602,1.0615204,0.0541246,5,0
187.7939614,41.2171906,68.1206183,1.0723611,0.0542872,5,0
187.993955,41.0410138,68.2152691,1.083235,0.0544562,5,0
188.1939485,40.8638167,68.3079956,1.0941433,0.0546316,5,0
188.3939421,40.685617,68.3987806,1.1050873,0.0548136,5,0
188.5939357,40.5064328,68.4876066,1.1160684,0.0550021,5,0
188.7939292,40.3262824,68.5744562,1.1270879,0.0551973,5,0
188.9939228,40.1451843,68.6593119,1.1381471,0.0553992,5,0
189.1939164,39.9631571,68.7421559,1.1492474,0.0556079,5,0
189.39391,39.7802199,68.8229704,1.16039,0.0558235,5,0
189.5939035,39.5963918,68.9017375,1.1715765,0.0560461,5,0
189.7938971,39.4116924,68.9784392,1.1828082,0.0562756,5,0
189.9938907,39.2261415,69.0530573,1.1940865,0.0565123,5,0
190.1938842,39.0397591,69.1255736,1.2054135,0.0567627,5,0
190.3938778,38.8525658,69.1959699,1.2167809,0.0569157,5,0
190.5938714,38.6645845,69.2642345,1.2281238,0.0565185,5,0
190.7938649,38.4758447,69.3303728,1.2393409,0.055657,5,0
190.9938585,38.2863805,69.3944068,1.2503773,0.0547121,5,0
191.1938521,38.096227,69.4563639,1.2612255,0.0537738,5,0
191.3938456,37.9054181,69.5162724,1.2718866,0.0528418,5,0
191.5938392,37.7139868,69.5741611,1.2823619,0.0519156,5,0
191.7938328,37.5219647,69.6300591,1.2926525,0.050995,5,0
191.9938264,37.3293825,69.6839959,1.3027596,0.0500797,5,0
192.1938199,37.1362697,69.7360012,1.3126841,0.0491695,5,0
192.3938135,36.9426548,69.786105,1.3224271,0.048264,5,0
192.5938071,36.7485653,69.8343376,1.3319894,0.047363,5,0
192.7938006,36.5540276,69.8807296,1.3413719,0.0464662,5,0
192.9937942,36.3590671,69.9253118,1.3505756,0.0455735,5,0
193.1937878,36.1637084,69.9681152,1.359601,0.0446846,5,0
193.3937813,35.967975,70.0091711,1.3684491,0.0437992,5,0
193.5937749,35.7718894,70.0485109,1.3771204,0.0429172,5,0
193.7937685,35.5754733,70.0861662,1.3856156,0.0420383,5,0
193.993762,35.3787476,70.1221688,1.3939353,0.0411624,5,0
194.1937556,35.1817321,70.1565508,1.4020802,0.0402893,5,0
194.3937492,34.984446,70.1893441,1.4100507,0.0394189,5,0
194.5937428,34.7869075,70.2205812,1.4178474,0.0385508,5,0
194.7937363,34.589134,70.2502943,1.4254707,0.0376851,5,0
194.9937299,34.3911421,70.278516,1.4329211,0.0368215,5,0
195.1937235,34.1929478,70.3052789,1.440199,0.0359599,5,0
195.393717,33.994566,70.3306158,1.4473047,0.0351001,5,0
195.5937106,33.7960113,70.3545595,1.4542387,0.0342421,5,0
195.7937042,33.5972973,70.3771429,1.4610012,0.0333857,5,0
195.9936977,33.3984369,70.398399,1.4675926,0.0325308,5,0
196.1936913,33.1994424,70.4183608,1.4740132,0.0316772,5,0
196.3936849,33.0003254,70.4370616,1.4802632,0.030825,5,0
196.5936784,32.8010969,70.4545346,1.4863429,0.0299739,5,0
196.793672,32.6017672,70.4708129,1.4922524,0.0291238,5,0
196.9936656,32.402346,70.4859299,1.4979921,0.0282748,5,0
197.1936591,32.2028426,70.499919,1.5035621,0.0274267,5,0
197.3936527,32.0032654,70.5128136,1.5089625,0.0265793,5,0
197.5936463,31.8036224,70.5246472,1.5141935,0.0257328,5,0
197.7936399,31.6039212,70.5354531,1.5192553,0.0248869,5,0
197.9936334,31.4041687,70.545265,1.524148,0.0240416,5,0
198.193627,31.2043713,70.5541163,1.5288717,0.0231969,5,0
198.3936206,31.0045349,70.5620406,1.5334265,0.0223527,5,0
198.5936141,30.8046651,70.5690715,1.5378125,0.0215089,5,0
198.7936077,30.6047669,70.5752425,1.5420298,0.0206656,5,0
198.9936013,30.4048449,70.5805873,1.5460785,0.0198225,5,0
199.1935948,30.2049033,70.5851395,1.5499586,0.0189798,5,0
199.3935884,30.0049458,70.5889328,1.5536702,0.0181374,5,0
199.593582,29.8049759,70.5920007,1.5572133,0.0172952,5,0
199.7935755,29.6049965,70.5943768,1.560588,0.0164532,5,0
199.9935691,29.4050104,70.596095,1.5637944,0.0156114,5,0
200.1935627,29.2050199,70.5971887,1.5668324,0.0147697,5,0
200.3935563,29.0050271,70.5976917,1.5697021,0.0139282,5,0
200.5935498,28.8050336,70.5976376,1.5724035,0.0130868,5,0
200.7935434,28.6050409,70.5970601,1.5749366,0.0122454,5,0
200.993537,28.4050502,70.5959928,1.5773015,0.0114042,5,0
201.1935305,28.2050625,70.5944693,1.5794981,0.010563,5,0
201.3935241,28.0050784,70.5925234,1.5815266,0.0097218,5,0
201.5935177,27.8050985,70.5901887,1.5833867,0.0088807,5,0
201.7935112,27.6051231,70.5874988,1.5850787,0.0080396,5,0
201.9935048,27.4051522,70.5844873,1.5866025,0.0071985,5,0
202.1934984,27.2051858,70.581188,1.587958,0.0063574,5,0
202.3934919,27.0052239,70.5776344,1.5891454,0.0055164,5,0
202.5934855,26.8052659,70.5738602,1.5901645,0.0046753,5,0
202.7934791,26.6053116,70.5698991,1.5910154,0.0038343,5,0
202.9934727,26.4053603,70.5657846,1.5916982,0.0029933,5,0
203.1934662,26.2054116,70.5615504,1.5922127,0.0021522,5,0
203.3934598,26.0054647,70.5572302,1.592559,0.0013112,5,0
203.5934534,25.8055189,70.5528575,1.5927372,0.0004701,5,0
203.7934469,25.6055736,70.5484661,1.5927468,-0.0003737,5,0
203.9934405,25.4056279,70.5440888,1.5925997,-0.0010973,5,0
204.1934341,25.2056814,70.5397519,1.5923595,-0.0013051,5,0
204.3934276,25.0057338,70.5354659,1.592097,-0.0013201,5,0
204.5934212,24.805785,70.5312326,1.5918332,-0.0013172,5,0
204.7934148,24.6058351,70.527052,1.5915701,-0.0013143,5,0
204.9934083,24.4058842,70.5229232,1.5913188,-0.0011982,5,0
205.1934019,24.2059323,70.5188392,1.5911381,-0.0006089,5,0
205.3933955,24.00598,70.5147782,1.5910947,0.0001745,5,0
205.5933891,23.8060278,70.5107101,1.5912099,0.000978,5,0
205.7933826,23.6060764,70.5066028,1.5914859,0.0017815,5,0
205.9933762,23.4061265,70.5024244,1.5919225,0.0025849,5,0
206.1933698,23.2061788,70.4981426,1.5925198,0.0033884,5,0
206.3933633,23.006234,70.4937252,1.5932778,0.0041919,5,0
206.5933569,22.806293,70.4891403,1.5941965,0.0049954,5,0
206.7933505,22.6063567,70.4843556,1.5952759,0.0057989,5,0
206.993344,22.406426,70.479339,1.596516,0.0066024,5,0
207.1933376,22.2065022,70.4740585,1.5979168,0.0074059,5,0
207.3933312,22.0065864,70.4684818,1.5994783,0.0082094,5,0
207.5933247,21.8066801,70.4625769,1.6012005,0.009013,5,0
207.7933183,21.6067847,70.4563117,1.6030834,0.0098166,5,0
207.9933119,21.406902,70.4496541,1.605127,0.0106202,5,0
208.1933055,21.2070339,70.4425719,1.6073313,0.0114239,5,0
208.393299,21.0071825,70.4350331,1.6096964,0.0122276,5,0
208.5932926,20.8073502,70.4270056,1.6122222,0.0130314,5,0
208.7932862,20.6075395,70.4184573,1.6149088,0.0138353,5,0
208.9932797,20.4077531,70.4093562,1.6177561,0.0146393,5,0
209.1932733,20.2079943,70.3996703,1.6207643,0.0154434,5,0
209.3932669,20.0082664,70.3893673,1.6239333,0.0162476,5,0
209.5932604,19.808573,70.3784155,1.6272632,0.0170521,5,0
209.793254,19.6089182,70.3667827,1.6307539,0.0178567,5,0
209.9932476,19.4093061,70.3544369,1.6344056,0.0186616,5,0
210.1932411,19.2097416,70.3413463,1.6382183,0.0194667,5,0
210.3932347,19.0102295,70.3274788,1.6421921,0.0202721,5,0
210.5932283,18.8107753,70.3128025,1.6463269,0.0210779,5,0
210.7932218,18.6113847,70.2972856,1.650623,0.021884,5,0
210.9932154,18.412064,70.2808962,1.6550803,0.0226905,5,0
211.193209,18.2128197,70.2636024,1.6596989,0.0234976,5,0
211.3932026,18.0136589,70.2453725,1.664479,0.0243051,5,0
211.5931961,17.8145891,70.2261747,1.6694207,0.0251132,5,0
211.7931897,17.6156183,70.2059774,1.674524,0.0259219,5,0
211.9931833,17.4167548,70.1847488,1.6797892,0.0267314,5,0
212.1931768,17.2180076,70.1624574,1.6852163,0.0275415,5,0
212.3931704,17.0193863,70.1390716,1.6908055,0.0283526,5,0
212.593164,16.8209008,70.1145599,1.696557,0.0291645,5,0
212.7931575,16.6225617,70.0888909,1.702471,0.0299775,5,0
212.9931511,16.42438,70.0620333,1.7085477,0.0307915,5,0
213.1931447,16.2263675,70.0339558,1.7147873,0.0316066,5,0
213.3931382,16.0285364,70.0046272,1.72119,0.0324231,5,0
213.5931318,15.8308997,69.9740165,1.7277562,0.0332409,5,0
213.7931254,15.6334709,69.9420925,1.734486,0.0340601,5,0
213.993119,15.4362642,69.9088244,1.7413799,0.034881,5,0
214.1931125,15.2392943,69.8741814,1.7484381,0.0357035,5,0
214.3931061,15.0425769,69.8381329,1.755661,0.0365279,5,0
214.5930997,14.846128,69.8006482,1.7630489,0.0373542,5,0
214.7930932,14.6499647,69.761697,1.7706023,0.0381826,5,0
214.9930868,14.4541046,69.721249,1.7783216,0.0390132,5,0
215.1930804,14.258566,69.6792741,1.7862073,0.0398462,5,0
215.3930739,14.0633682,69.6357423,1.7942597,0.0406817,5,0
215.5930675,13.868531,69.5906238,1.8024796,0.04152,5,0
215.7930611,13.6740752,69.5438889,1.8108674,0.042361,5,0
215.9930546,13.4800224,69.4955084,1.8194237,0.0432052,5,0
216.1930482,13.2863949,69.4454529,1.8281491,0.0440525,5,0
216.3930418,13.0932159,69.3936935,1.8370443,0.0449033,5,0
216.5930354,12.9005095,69.3402013,1.8461101,0.0457577,5,0
216.7930289,12.7083007,69.2849479,1.8553471,0.0466159,5,0
216.9930225,12.5166155,69.227905,1.8647561,0.0474781,5,0
217.1930161,12.3254805,69.1690446,1.874338,0.0483447,5,0
217.3930096,12.1349235,69.1083391,1.8840908,0.0491867,5,0
217.5930032,11.9449725,69.0457635,1.89399,0.0498097,5,0
217.7929968,11.7556533,68.9813016,1.9039699,0.0499933,5,0
217.9929903,11.5669879,68.9149507,1.9139774,0.050086,5,0
218.1929839,11.3789965,68.8467132,1.9240041,0.0501846,5,0
218.3929775,11.1916995,68.7765924,1.934051,0.0502884,5,0
218.592971,11.0051172,68.7045915,1.9441191,0.0503972,5,0
218.7929646,10.8192701,68.6307137,1.9542096,0.0505111,5,0
218.9929582,10.6341787,68.5549622,1.9643233,0.0506302,5,0
219.1929518,10.4498639,68.4773405,1.9744613,0.0507545,5,0
219.3929453,10.2663465,68.3978518,1.9846247,0.0508839,5,0
219.5929389,10.0836475,68.3164998,1.9948146,0.0510187,5,0
219.7929325,9.9017881,68.2332878,2.0050319,0.0511588,5,0
219.992926,9.7207895,68.1482196,2.0152778,0.0513042,5,0
220.1929196,9.5406734,68.0612987,2.0255533,0.0514551,5,0
220.3929132,9.3614612,67.9725289,2.0358595,0.0516114,5,0
220.5929067,9.1831749,67.881914,2.0461976,0.0517731,5,0
220.7929003,9.0058363,67.789458,2.0565685,0.0519405,5,0
220.9928939,8.8294678,67.6951648,2.0669735,0.0521134,5,0
221.1928874,8.6540915,67.5990386,2.0774136,0.052292,5,0
221.392881,8.4797302,67.5010836,2.08789,0.0524763,5,0
221.5928746,8.3064065,67.4013041,2.0984038,0.0526664,5,0
221.7928682,8.1341433,67.2997045,2.1089563,0.0528624,5,0
221.9928617,7.962964,67.1962895,2.1195485,0.0530642,5,0
222.1928553,7.7928917,67.0910636,2.1301817,0.053272,5,0
222.3928489,7.6239502,66.9840318,2.140857,0.0534859,5,0
222.5928424,7.4561632,66.875199,2.1515757,0.0537059,5,0
222.792836,7.2895549,66.7645703,2.1623391,0.0539321,5,0
222.9928296,7.1241495,66.652151,2.1731483,0.0541645,5,0
223.1928231,6.9599716,66.5379466,2.1840046,0.0544034,5,0
223.3928167,6.797046,66.4219626,2.1949094,0.0546486,5,0
223.5928103,6.6353977,66.3042049,2.2058638,0.0549004,5,0
223.7928038,6.4750521,66.1846795,2.2168693,0.0551588,5,0
223.9927974,6.3160348,66.0633926,2.2279271,0.0554239,5,0
224.192791,6.1583717,65.9403505,2.2390386,0.0556958,5,0
224.3927845,6.0020889,65.8155599,2.2502051,0.0559746,5,0
224.5927781,5.8472128,65.6890276,2.2614282,0.0562605,5,0
224.7927717,5.6937703,65.5607607,2.2727091,0.0565535,5,0
224.9927653,5.5417883,65.4307666,2.2840493,0.0568537,5,0
225.1927588,5.3912942,65.2990528,2.2954503,0.0571612,5,0
225.3927524,5.2423157,65.1656272,2.3069136,0.0574762,5,0
225.592746,5.0948807,65.030498,2.3184406,0.0577988,5,0
225.7927395,4.9490171,64.893674,2.3300239,0.0580391,5,0
225.9927331,4.8047498,64.7551679,2.3416182,0.0579092,5,0
226.1927267,4.6620955,64.6150011,2.3531711,0.0576252,5,0
226.3927202,4.5210659,64.4731997,2.3646662,0.0573308,5,0
226.5927138,4.3816715,64.3297906,2.3761032,0.0570438,5,0
226.7927074,4.2439221,64.1848005,2.3874835,0.0567643,5,0
226.9927009,4.1078276,64.038256,2.3988087,0.0564921,5,0
227.1926945,3.9733975,63.8901833,2.4100801,0.0562271,5,0
227.3926881,3.8406409,63.7406082,2.4212993,0.0559693,5,0
227.5926817,3.7095668,63.5895565,2.4324676,0.0557184,5,0
227.7926752,3.5801841,63.4370536,2.4435864,0.0554745,5,0
227.9926688,3.4525013,63.2831247,2.4546571,0.0552374,5,0
228.1926624,3.3265267,63.1277946,2.4656811,0.055007,5,0
228.3926559,3.2022685,62.9710881,2.4766596,0.0547833,5,0
228.5926495,3.0797347,62.8130296,2.4875941,0.0545661,5,0
228.7926431,2.958933,62.6536433,2.4984858,0.0543555,5,0
228.9926366,2.8398711,62.4929532,2.5093361,0.0541513,5,0
229.1926302,2.7225564,62.3309832,2.5201461,0.0539534,5,0
229.3926238,2.6069963,62.1677567,2.5309172,0.0537618,5,0
229.5926173,2.4931978,62.0032971,2.5416505,0.0535765,5,0
229.7926109,2.381168,61.8376276,2.5523475,0.0533973,5,0
229.9926045,2.2709137,61.6707713,2.5630092,0.0532241,5,0
230.1925981,2.1624418,61.5027507,2.5736368,0.053057,5,0
230.3925916,2.0557589,61.3335887,2.5842317,0.0528959,5,0
230.5925852,1.9508714,61.1633075,2.5947949,0.0527407,5,0
230.7925788,1.8477858,60.9919295,2.6053277,0.0525914,5,0
230.9925723,1.7465085,60.8194767,2.6158312,0.0524479,5,0
231.1925659,1.6470456,60.6459711,2.6263065,0.0523101,5,0
231.3925595,1.5494033,60.4714344,2.6367549,0.0521781,5,0
231.592553,1.4535877,60.2958883,2.6471775,0.0520517,5,0
231.7925466,1.3596046,60.1193543,2.6575753,0.051931,5,0
231.9925402,1.2674601,59.9418537,2.6679496,0.0518159,5,0
232.1925337,1.1771599,59.7634078,2.6783014,0.0517064,5,0
232.3925273,1.0887098,59.5840376,2.6886319,0.0516024,5,0
232.5925209,1.0021156,59.4037642,2.6989421,0.0515039,5,0
232.7925145,0.9173828,59.2226084,2.7092331,0.0514108,5,0
232.992508,0.8345171,59.0405909,2.7195061,0.0513232,5,0
233.1925016,0.753524,58.8577325,2.7297621,0.051241,5,0
233.3924952,0.674409,58.6740537,2.7400022,0.0511642,5,0
233.5924887,0.5971777,58.489575,2.7502275,0.0510927,5,0
233.7924823,0.5218355,58.3043167,2.760439,0.0510266,5,0
233.9924759,0.4483877,58.1182992,2.7706378,0.0509658,5,0
234.1924694,0.3768397,57.9315428,2.780825,0.0509103,5,0
234.392463,0.3071969,57.7440675,2.7910016,0.05086,5,0
234.5924566,0.2394644,57.5558937,2.8011642,0.0507701,5,0
234.7924501,0.1736444,57.3670424,2.8112836,0.0504275,5,0
234.9924437,0.1097301,57.1775376,2.8212993,0.0497337,5,0
235.1924373,0.0477033,56.9874067,2.831169,0.0489671,5,0
235.3924309,-0.0124586,56.7966774,2.8408858,0.0482051,5,0
235.5924244,-0.0707789,56.6053769,2.8504507,0.0474477,5,0
235.792418,-0.1272813,56.4135317,2.8598645,0.0466944,5,0
235.9924116,-0.1819898,56.2211671,2.8691281,0.0459453,5,0
236.1924051,-0.2349283,56.0283079,2.8782423,0.0452001,5,0
236.3923987,-0.2861213,55.834978,2.8872078,0.0444585,5,0
236.5923923,-0.3355933,55.6412006,2.8960254,0.0437204,5,0
236.7923858,-0.3833691,55.446998,2.9046957,0.0429857,5,0
236.9923794,-0.4294736,55.2523918,2.9132193,0.0422542,5,0
237.192373,-0.473932,55.057403,2.921597,0.0415257,5,0
237.3923665,-0.5167694,54.8620516,2.9298293,0.0408,5,0
237.5923601,-0.5580115,54.6663572,2.9379167,0.0400771,5,0
237.7923537,-0.5976837,54.4703385,2.9458598,0.0393567,5,0
237.9923472,-0.6358117,54.2740136,2.953659,0.0386388,5,0
238.1923408,-0.6724216,54.0773999,2.9613149,0.0379232,5,0
238.3923344,-0.7075392,53.8805141,2.968828,0.0372098,5,0
238.592328,-0.7411907,53.6833725,2.9761985,0.0364984,5,0
238.7923215,-0.7734023,53.4859904,2.983427,0.035789,5,0
238.9923151,-0.8042003,53.2883829,2.9905138,0.0350814,5,0
239.1923087,-0.8336111,53.0905641,2.9974592,0.0343755,5,0
239.3923022,-0.8616613,52.8925478,3.0042636,0.0336713,5,0
239.5922958,-0.8883774,52.6943471,3.0109274,0.0329686,5,0
239.7922894,-0.913786,52.4959745,3.0174507,0.0322673,5,0
239.9922829,-0.937914,52.297442,3.023834,0.0315673,5,0
240.1922765,-0.9607882,52.0987612,3.0300773,0.0308687,5,0
240.3922701,-0.9824353,51.8999429,3.0361811,0.0301712,5,0
240.5922636,-1.0028824,51.7009976,3.0421455,0.0294747,5,0
240.7922572,-1.0221563,51.5019352,3.0479707,0.0287794,5,0
240.9922508,-1.0402843,51.3027652,3.0536569,0.0280849,5,0
241.1922444,-1.0572932,51.1034965,3.0592044,0.0273914,5,0
241.3922379,-1.0732103,50.9041376,3.0646132,0.0266987,5,0
241.5922315,-1.0880627,50.7046965,3.0698835,0.0260067,5,0
241.7922251,-1.1018775,50.5051809,3.0750156,0.0253155,5,0
241.9922186,-1.1146821,50.3055978,3.0800095,0.0246249,5,0
242.1922122,-1.1265035,50.1059542,3.0848653,0.0239349,5,0
242.3922058,-1.1373692,49.9062562,3.0895831,0.0232454,5,0
242.5921993,-1.1473064,49.7065098,3.0941632,0.0225565,5,0
242.7921929,-1.1563424,49.5067206,3.0986055,0.021868,5,0
242.9921865,-1.1645045,49.3068938,3.1029101,0.0211799,5,0
243.19218,-1.1718202,49.1070342,3.1070772,0.0204922,5,0
243.3921736,-1.1783167,48.9071464,3.1111067,0.0198048,5,0
243.5921672,-1.1840214,48.7072343,3.1149989,0.0191178,5,0
243.7921608,-1.1889617,48.5073019,3.1187536,0.018431,5,0
243.9921543,-1.193165,48.3073526,3.1223711,0.0177445,5,0
244.1921479,-1.1966587,48.1073896,3.1258512,0.0170583,5,0
244.3921415,-1.1994703,47.9074159,3.1291942,0.0163722,5,0
244.592135,-1.201627,47.7074341,3.1323999,0.0156863,5,0
244.7921286,-1.2031563,47.5074464,3.1354685,0.0150005,5,0
244.9921222,-1.2040857,47.3074551,3.1383999,0.0143149,5,0
245.1921157,-1.2044425,47.1074619,3.1411943,0.0136294,5,0
245.3921093,-1.2042542,46.9074685,-3.1393338,0.012944,5,0
245.5921029,-1.2035482,46.7074762,-3.1368136,0.0122586,5,0
245.7920964,-1.2023518,46.5074863,-3.1344305,0.0115734,5,0
245.99209,-1.2006925,46.3074996,-3.1321844,0.0108882,5,0
246.1920836,-1.1985978,46.1075171,-3.1300754,0.0102031,5,0
246.3920772,-1.196095,45.9075392,-3.1281033,0.009518,5,0
246.5920707,-1.1932116,45.7075664,-3.1262683,0.0088329,5,0
246.7920643,-1.1899748,45.5075991,-3.1245702,0.0081479,5,0
246.9920579,-1.1864123,45.3076373,-3.1230092,0.0074629,5,0
247.1920514,-1.1825513,45.107681,-3.1215852,0.0067779,5,0
247.392045,-1.1784192,44.9077301,-3.1202981,0.0060929,5,0
247.5920386,-1.1740435,44.7077844,-3.1191481,0.005408,5,0
247.7920321,-1.1694516,44.5078436,-3.118135,0.004723,5,0
247.9920257,-1.1646707,44.3079072,-3.1172589,0.0040381,5,0
248.1920193,-1.1597285,44.1079747,-3.1165198,0.0033531,5,0
248.3920128,-1.1546521,43.9080456,-3.1159177,0.0026682,5,0
248.5920064,-1.1494691,43.7081192,-3.1154526,0.0019832,5,0
248.792,-1.1442068,43.5081948,-3.1151245,0.0012982,5,0
248.9919936,-1.1388925,43.3082719,-3.1149335,0.0006119,5,0
249.1919871,-1.1335533,43.1083496,-3.1148716,0.0000072,5,0
249.3919807,-1.1282114,42.9084274,-3.1148957,-0.0002483,5,0
249.5919743,-1.1228787,42.7085049,-3.1149593,-0.0003876,5,0
249.7919678,-1.1175608,42.5085821,-3.1150394,-0.0004138,5,0
249.9919614,-1.1122592,42.3086588,-3.1151219,-0.0004116,5,0
250.191955,-1.1069741,42.1087351,-3.1152041,-0.0004094,5,0
250.3919485,-1.1017053,41.9088109,-3.1152857,-0.0004072,5,0
250.5919421,-1.0964528,41.7088863,-3.1153669,-0.000405,5,0
250.7919357,-1.0912165,41.5089613,-3.1154477,-0.0004028,5,0
250.9919292,-1.0859963,41.3090359,-3.1155281,-0.0004006,5,0
251.1919228,-1.0807922,41.10911,-3.115608,-0.0003984,5,0
251.3919164,-1.0756039,40.9091838,-3.1156874,-0.0003962,5,0
251.5919099,-1.0704315,40.7092571,-3.1157664,-0.000394,5,0
251.7919035,-1.0652749,40.50933,-3.115845,-0.0003918,5,0
251.9918971,-1.0601339,40.3094026,-3.1159232,-0.0003896,5,0
252.1918907,-1.0550085,40.1094747,-3.1160009,-0.0003874,5,0
252.3918842,-1.0498986,39.9095464,-3.1160781,-0.0003852,5,0
252.5918778,-1.0448041,39.7096177,-3.1161549,-0.000383,5,0
252.7918714,-1.0397249,39.5096887,-3.1162313,-0.0003808,5,0
252.9918649,-1.034661,39.3097592,-3.1163072,-0.0003786,5,0
253.1918585,-1.0296122,39.1098294,-3.1163827,-0.0003764,5,0
253.3918521,-1.0245784,38.9098992,-3.1164578,-0.0003742,5,0
253.5918456,-1.0195596,38.7099686,-3.1165324,-0.000372,5,0
253.7918392,-1.0145556,38.5100376,-3.1166066,-0.0003698,5,0
253.9918328,-1.0095665,38.3101063,-3.1166803,-0.0003676,5,0
254.1918263,-1.004592,38.1101746,-3.1167536,-0.0003654,5,0
254.3918199,-0.9996322,37.9102425,-3.1168264,-0.0003632,5,0
254.5918135,-0.9946868,37.7103101,-3.1168989,-0.0003609,5,0
254.7918071,-0.9897559,37.5103774,-3.1169708,-0.0003587,5,0
254.9918006,-0.9848394,37.3104442,-3.1170423,-0.0003565,5,0
255.1917942,-0.9799371,37.1105108,-3.1171134,-0.0003543,5,0
255.3917878,-0.9750489,36.9105769,-3.1171841,-0.0003521,5,0
255.5917813,-0.9701749,36.7106428,-3.1172543,-0.0003499,5,0
255.7917749,-0.9653148,36.5107083,-3.117324,-0.0003477,5,0
255.9917685,-0.9604687,36.3107734,-3.1173934,-0.0003455,5,0
256.191762,-0.9556364,36.1108382,-3.1174622,-0.0003433,5,0
256.3917556,-0.9508177,35.9109027,-3.1175307,-0.0003411,5,0
256.5917492,-0.9460128,35.7109669,-3.1175987,-0.0003389,5,0
256.7917427,-0.9412214,35.5110307,-3.1176662,-0.0003367,5,0
256.9917363,-0.9364434,35.3110942,-3.1177334,-0.0003345,5,0
257.1917299,-0.9316788,35.1111574,-3.1178,-0.0003323,5,0
257.3917235,-0.9269275,34.9112203,-3.1178663,-0.0003301,5,0
257.591717,-0.9221894,34.7112829,-3.1179321,-0.0003279,5,0
257.7917106,-0.9174645,34.5113451,-3.1179974,-0.0003257,5,0
257.9917042,-0.9127525,34.3114071,-3.1180623,-0.0003235,5,0
258.1916977,-0.9080535,34.1114687,-3.1181268,-0.0003213,5,0
258.3916913,-0.9033673,33.91153,-3.1181908,-0.0003191,5,0
258.5916849,-0.8986939,33.7115911,-3.1182544,-0.0003169,5,0
258.7916784,-0.8940331,33.5116518,-3.1183176,-0.0003147,5,0
258.991672,-0.889385,33.3117123,-3.1183803,-0.0003125,5,0
259.1916656,-0.8847493,33.1117724,-3.1184426,-0.0003103,5,0
259.3916591,-0.880126,32.9118323,-3.1185044,-0.000308,5,0
259.5916527,-0.8755151,32.7118919,-3.1185658,-0.0003058,5,0
259.7916463,-0.8709164,32.5119512,-3.1186267,-0.0003036,5,0
259.9916399,-0.8663298,32.3120103,-3.1186872,-0.0003014,5,0
260.1916334,-0.8617553,32.112069,-3.1187473,-0.0002992,5,0
260.391627,-0.8571927,31.9121275,-3.1188069,-0.000297,5,0
260.5916206,-0.852642,31.7121857,-3.1188661,-0.0002948,5,0
260.7916141,-0.8481031,31.5122436,-3.1189249,-0.0002926,5,0
260.9916077,-0.8435759,31.3123013,-3.1189832,-0.0002904,5,0
261.1916013,-0.8390604,31.1123587,-3.119041,-0.0002882,5,0
261.3915948,-0.8345563,30.9124159,-3.1190984,-0.000286,5,0
261.5915884,-0.8300637,30.7124728,-3.1191554,-0.0002838,5,0
261.791582,-0.8255824,30.5125294,-3.119212,-0.0002816,5,0
261.9915755,-0.8211124,30.3125858,-3.1192681,-0.0002794,5,0
262.1915691,-0.8166536,30.112642,-3.1193237,-0.0002772,5,0
262.3915627,-0.8122058,29.9126979,-3.1193789,-0.000275,5,0
262.5915563,-0.8077691,29.7127535,-3.1194337,-0.0002728,5,0
262.7915498,-0.8033432,29.5128089,-3.119488,-0.0002706,5,0
262.9915434,-0.7989282,29.3128641,-3.1195419,-0.0002684,5,0
263.191537,-0.7945239,29.112919,-3.1195954,-0.0002662,5,0
263.3915305,-0.7901303,28.9129737,-3.1196484,-0.000264,5,0
263.5915241,-0.7857472,28.7130282,-3.119701,-0.0002618,5,0
263.7915177,-0.7813746,28.5130824,-3.1197531,-0.0002596,5,0
263.9915112,-0.7770123,28.3131364,-3.1198048,-0.0002574,5,0
264.1915048,-0.7726604,28.1131902,-3.119856,-0.0002552,5,0
264.3914984,-0.7683186,27.9132438,-3.1199069,-0.0002529,5,0
264.5914919,-0.763987,27.7132971,-3.1199572,-0.0002507,5,0
264.7914855,-0.7596654,27.5133503,-3.1200071,-0.0002485,5,0
264.9914791,-0.7553537,27.3134032,-3.1200566,-0.0002463,5,0
265.1914726,-0.7510519,27.1134559,-3.1201057,-0.0002441,5,0
265.3914662,-0.7467598,26.9135084,-3.1201543,-0.000242,5,0
265.5914598,-0.7424774,26.7135607,-3.1202025,-0.0002401,5,0
265.7914534,-0.7382046,26.5136127,-3.1202503,-0.0002383,5,0
265.9914469,-0.7339414,26.3136646,-3.1202978,-0.0002365,5,0
266.1914405,-0.7296876,26.1137163,-3.1203449,-0.0002346,5,0
266.3914341,-0.7254432,25.9137678,-3.1203916,-0.0002328,5,0
266.5914276,-0.7212081,25.713819,-3.120438,-0.000231,5,0
266.7914212,-0.7169822,25.5138701,-3.120484,-0.0002292,5,0
266.9914148,-0.7127655,25.313921,-3.1205297,-0.0002274,5,0
267.1914083,-0.7085579,25.1139717,-3.120575,-0.0002258,5,0
267.3914019,-0.7043593,24.9140222,-3.12062,-0.0002242,5,0
267.5913955,-0.7001697,24.7140725,-3.1206647,-0.0002226,5,0
267.791389,-0.695989,24.5141227,-3.120709,-0.000221,5,0
267.9913826,-0.6918171,24.3141726,-3.1207531,-0.0002194,5,0
268.1913762,-0.687654,24.1142224,-3.1207968,-0.0002178,5,0
268.3913698,-0.6834996,23.914272,-3.1208402,-0.0002162,5,0
268.5913633,-0.6793539,23.7143214,-3.1208833,-0.0002147,5,0
268.7913569,-0.6752167,23.5143706,-3.1209261,-0.0002131,5,0
268.9913505,-0.671088,23.3144197,-3.1209685,-0.0002115,5,0
269.191344,-0.6669679,23.1144685,-3.1210107,-0.0002099,5,0
269.3913376,-0.6628561,22.9145172,-3.1210525,-0.0002083,5,0
269.5913312,-0.6587526,22.7145658,-3.1210939,-0.0002064,5,0
269.7913247,-0.6546574,22.5146141,-3.121135,-0.0002046,5,0
269.9913183,-0.6505704,22.3146623,-3.1211758,-0.0002027,5,0
270.1913119,-0.6464915,22.1147104,-3.1212161,-0.0002008,5,0
270.3913054,-0.6424206,21.9147582,-3.1212561,-0.0001989,5,0
270.591299,-0.6383576,21.7148059,-3.1212957,-0.000197,5,0
270.7912926,-0.6343026,21.5148535,-3.1213349,-0.0001951,5,0
270.9912862,-0.6302553,21.3149009,-3.1213737,-0.0001932,5,0
271.1912797,-0.6262158,21.1149481,-3.1214121,-0.0001913,5,0
271.3912733,-0.6221839,20.9149952,-3.1214502,-0.0001894,5,0
271.5912669,-0.6181596,20.7150421,-3.1214879,-0.0001875,5,0
271.7912604,-0.6141427,20.5150889,-3.1215252,-0.0001856,5,0
271.991254,-0.6101334,20.3151355,-3.1215621,-0.0001837,5,0
272.1912476,-0.6061313,20.115182,-3.1215987,-0.0001818,5,0
272.3912411,-0.6021365,19.9152283,-3.1216348,-0.0001799,5,0
272.5912347,-0.5981489,19.7152745,-3.1216706,-0.000178,5,0
272.7912283,-0.5941685,19.5153205,-3.121706,-0.0001761,5,0
272.9912218,-0.590195,19.3153664,-3.121741,-0.0001742,5,0
273.1912154,-0.5862286,19.1154122,-3.1217757,-0.0001723,5,0
273.391209,-0.582269,18.9154578,-3.1218099,-0.0001703,5,0
273.5912026,-0.5783162,18.7155033,-3.1218438,-0.0001684,5,0
273.7911961,-0.5743702,18.5155487,-3.1218773,-0.0001665,5,0
273.9911897,-0.5704309,18.3155939,-3.1219104,-0.0001646,5,0
274.1911833,-0.5664981,18.115639,-3.1219432,-0.0001627,5,0
274.3911768,-0.5625718,17.915684,-3.1219755,-0.0001608,5,0
274.5911704,-0.558652,17.7157289,-3.1220075,-0.0001589,5,0
274.791164,-0.5547385,17.5157736,-3.1220391,-0.000157,5,0
274.9911575,-0.5508313,17.3158182,-3.1220703,-0.0001551,5,0
275.1911511,-0.5469302,17.1158627,-3.1221011,-0.0001532,5,0
275.3911447,-0.5430354,16.915907,-3.1221316,-0.0001513,5,0
275.5911382,-0.5391465,16.7159513,-3.1221617,-0.0001494,5,0
275.7911318,-0.5352637,16.5159954,-3.1221913,-0.0001475,5,0
275.9911254,-0.5313867,16.3160394,-3.1222207,-0.0001456,5,0
276.1911189,-0.5275156,16.1160833,-3.1222496,-0.0001437,5,0
276.3911125,-0.5236502,15.9161271,-3.1222781,-0.0001418,5,0
276.5911061,-0.5197905,15.7161708,-3.1223063,-0.0001399,5,0
276.7910997,-0.5159364,15.5162143,-3.1223341,-0.000138,5,0
276.9910932,-0.5120878,15.3162578,-3.1223615,-0.0001361,5,0
277.1910868,-0.5082446,15.1163012,-3.1223885,-0.0001342,5,0
277.3910804,-0.5044068,14.9163444,-3.1224151,-0.0001323,5,0
277.5910739,-0.5005743,14.7163876,-3.1224414,-0.0001304,5,0
277.7910675,-0.496747,14.5164306,-3.1224673,-0.0001285,5,0
277.9910611,-0.4929248,14.3164736,-3.1224928,-0.0001265,5,0
278.1910546,-0.4891077,14.1165165,-3.1225179,-0.0001246,5,0
278.3910482,-0.4852956,13.9165592,-3.1225426,-0.0001227,5,0
278.5910418,-0.4814884,13.7166019,-3.122567,-0.0001208,5,0
278.7910353,-0.477686,13.5166445,-3.122591,-0.0001189,5,0
278.9910289,-0.4738884,13.316687,-3.1226146,-0.000117,5,0
279.1910225,-0.4700955,13.1167294,-3.1226378,-0.0001151,5,0
279.3910161,-0.4663071,12.9167717,-3.1226606,-0.0001132,5,0
279.5910096,-0.4625233,12.7168139,-3.1226831,-0.0001113,5,0
279.7910032,-0.4587439,12.5168561,-3.1227051,-0.0001094,5,0
279.9909968,-0.454969,12.3168981,-3.1227268,-0.0001075,5,0
280.1909903,-0.4511983,12.1169401,-3.1227481,-0.0001056,5,0
280.3909839,-0.4474318,11.916982,-3.1227691,-0.0001037,5,0
280.5909775,-0.4436695,11.7170238,-3.1227896,-0.0001018,5,0
280.790971,-0.4399113,11.5170656,-3.1228098,-0.0000999,5,0
280.9909646,-0.436157,11.3171072,-3.1228296,-0.000098,5,0
281.1909582,-0.4324067,11.1171488,-3.122849,-0.0000961,5,0
281.3909517,-0.4286602,10.9171904,-3.122868,-0.0000942,5,0
281.5909453,-0.4249175,10.7172318,-3.1228866,-0.0000923,5,0
281.7909389,-0.4211784,10.5172732,-3.1229049,-0.0000904,5,0
281.9909325,-0.417443,10.3173145,-3.1229228,-0.0000885,5,0
282.190926,-0.4137111,10.1173558,-3.1229403,-0.0000866,5,0
282.3909196,-0.4099827,9.917397,-3.1229574,-0.0000846,5,0
282.5909132,-0.4062577,9.7174381,-3.1229741,-0.0000827,5,0
282.7909067,-0.402536,9.5174792,-3.1229905,-0.0000808,5,0
282.9909003,-0.3988175,9.3175202,-3.1230065,-0.0000789,5,0
283.1908939,-0.3951021,9.1175611,-3.1230221,-0.000077,5,0
283.3908874,-0.3913899,8.917602,-3.1230373,-0.0000751,5,0
283.590881,-0.3876806,8.7176428,-3.1230521,-0.0000732,5,0
283.7908746,-0.3839743,8.5176836,-3.1230666,-0.0000713,5,0
283.9908681,-0.3802708,8.3177243,-3.1230806,-0.0000694,5,0
284.1908617,-0.3765701,8.117765,-3.1230943,-0.0000675,5,0
284.3908553,-0.3728721,7.9178056,-3.1231076,-0.0000656,5,0
284.5908489,-0.3691767,7.7178462,-3.1231206,-0.0000637,5,0
284.7908424,-0.3654839,7.5178867,-3.1231331,-0.0000618,5,0
284.990836,-0.3617936,7.3179272,-3.1231453,-0.0000599,5,0
285.1908296,-0.3581056,7.1179676,-3.1231571,-0.000058,5,0
285.3908231,-0.35442,6.918008,-3.1231685,-0.0000561,5,0
285.5908167,-0.3507366,6.7180484,-3.1231795,-0.0000542,5,0
285.7908103,-0.3470553,6.5180887,-3.1231902,-0.0000523,5,0
285.9908038,-0.3433762,6.318129,-3.1232004,-0.0000504,5,0
286.1907974,-0.3396991,6.1181692,-3.1232103,-0.0000485,5,0
286.390791,-0.3360239,5.9182094,-3.1232198,-0.0000466,5,0
286.5907845,-0.3323505,5.7182496,-3.1232289,-0.0000447,5,0
286.7907781,-0.328679,5.5182897,-3.1232377,-0.0000427,5,0
286.9907717,-0.3250092,5.3183298,-3.123246,-0.0000408,5,0
287.1907653,-0.321341,5.1183699,-3.123254,-0.0000389,5,0
287.3907588,-0.3176743,4.9184099,-3.1232616,-0.000037,5,0
287.5907524,-0.3140092,4.71845,-3.1232688,-0.0000351,5,0
287.790746,-0.3103454,4.5184899,-3.1232756,-0.0000332,5,0
287.9907395,-0.306683,4.3185299,-3.1232821,-0.0000313,5,0
288.1907331,-0.3030218,4.1185699,-3.1232882,-0.0000294,5,0
288.3907267,-0.2993618,3.9186098,-3.1232939,-0.0000275,5,0
288.5907202,-0.2957029,3.7186497,-3.1232992,-0.0000256,5,0
288.7907138,-0.292045,3.5186896,-3.1233041,-0.0000237,5,0
288.9907074,-0.2883881,3.3187294,-3.1233087,-0.0000218,5,0
289.1907009,-0.2847321,3.1187693,-3.1233128,-0.0000199,5,0
289.3906945,-0.2810768,2.9188091,-3.1233166,-0.000018,5,0
289.5906881,-0.2774223,2.718849,-3.12332,-0.0000161,5,0
289.7906816,-0.2737684,2.5188888,-3.1233231,-0.0000142,5,0
289.9906752,-0.270115,2.3189286,-3.1233257,-0.0000123,5,0
290.1906688,-0.2664622,2.1189684,-3.123328,-0.0000104,5,0
290.3906624,-0.2628098,1.9190081,-3.1233299,-0.0000085,5,0
290.5906559,-0.2591577,1.7190479,-3.1233314,-0.0000066,5,0
290.7906495,-0.2555059,1.5190877,-3.1233325,-0.0000047,5,0
290.9906431,-0.2518542,1.3191275,-3.1233332,-0.0000028,5,0
291.1906366,-0.2482027,1.1191672,-3.1233336,-0.0000009,5,0
291.3906302,-0.2445512,0.919207,-3.1233336,0.0000011,5,0
291.5906238,-0.2408997,0.7192468,-3.1233332,0.000003,5,0
291.7906173,-0.237248,0.5192865,-3.1233324,0.0000049,5,0
291.9906109,-0.2335962,0.3193263,-3.1233312,0.0000068,5,0
